experiment_id|username|resources|labels|slots|start_time|training_time_sec
1|determined|""""""||1|2020-08-23 20:49:10.431396+00|0
2|determined|""""""||1|2020-08-23 20:55:37.722866+00|0
3|determined|""""""||1|2020-08-23 21:05:32.037061+00|0
4|determined|""""""||1|2020-08-23 21:19:57.463144+00|0
5|determined|""""""||1|2020-08-23 21:22:26.827055+00|0
6|determined|""""""||1|2020-08-23 21:27:56.74426+00|1962.714874
7|determined|""""""||1|2020-08-23 22:07:03.427561+00|0
8|determined|""""""||1|2020-08-23 22:13:38.219884+00|0
9|determined|""""""||1|2020-08-23 22:18:16.683947+00|909.560671
10|determined|""""""||4|2020-08-23 23:12:06.732738+00|617.149088
11|determined|""""""||1|2020-08-24 19:40:26.438557+00|0
12|determined|""""""||1|2020-08-24 19:47:16.960911+00|0
13|determined|""""""||1|2020-08-24 20:11:09.318094+00|0
14|determined|""""""|"[""4 gpu, 16 b, workers 4""]"|4|2020-08-24 20:17:44.638423+00|408.877867
15|determined|""""""|"[""1 gpu 8 b, 4 workers""]"|1|2020-08-24 20:26:01.975149+00|708.695848
16|determined|""""""||1|2020-08-24 20:40:53.643689+00|0
17|determined|""""""||1|2020-08-24 20:44:45.636079+00|559.892854
18|determined|""""""||1|2020-08-24 21:51:29.866704+00|0
19|determined|""""""||1|2020-08-24 21:55:36.796996+00|0
20|determined|""""""||1|2020-08-24 22:39:52.072269+00|0
21|determined|""""""||1|2020-08-24 23:06:29.562481+00|0
22|determined|""""""||1|2020-08-25 02:30:15.45123+00|0
23|determined|""""""||1|2020-08-25 02:31:48.020587+00|0
24|determined|""""""||1|2020-08-25 02:59:25.005722+00|0
25|determined|""""""||1|2020-08-25 03:12:47.093229+00|0
26|determined|""""""||1|2020-08-30 21:41:59.590397+00|0
27|determined|""""""||1|2020-08-30 21:44:24.648009+00|0
28|determined|""""""||1|2020-08-30 21:52:39.717704+00|0
29|determined|""""""||1|2020-08-30 21:53:10.818989+00|0
30|determined|""""""||1|2020-08-30 21:54:23.802028+00|0
31|determined|""""""||1|2020-08-30 21:57:31.442551+00|0
32|determined|""""""||1|2020-08-30 22:00:38.164421+00|0
33|determined|""""""||1|2020-08-30 22:00:56.180931+00|0
34|determined|""""""||1|2020-08-30 22:02:04.614061+00|0
35|determined|""""""||1|2020-08-30 22:04:44.920666+00|0
36|determined|""""""||1|2020-08-30 22:06:44.928941+00|339.238404
37|determined|""""""||1|2020-08-30 22:21:22.630322+00|0
38|determined|""""""||1|2020-08-30 22:23:59.9182+00|0
39|determined|""""""||1|2020-08-30 22:27:57.249766+00|0
40|determined|""""""||1|2020-08-30 22:30:36.883582+00|0
41|determined|""""""||1|2020-08-30 22:32:29.193101+00|0
42|determined|""""""||1|2020-08-30 22:34:38.523051+00|0
43|determined|""""""||1|2020-08-30 22:36:23.671255+00|0
44|determined|""""""|"[""my_og""]"|1|2020-08-30 22:37:42.313722+00|502.933695
45|determined|""""""||1|2020-08-30 22:39:35.21205+00|0
46|determined|""""""||1|2020-08-30 22:42:39.466711+00|0
47|determined|""""""||1|2020-08-30 22:44:36.939257+00|374.943705
48|determined|""""""||1|2020-08-30 22:55:38.542473+00|336.605609
49|determined|""""""||4|2020-08-30 23:00:09.387571+00|148.467943
50|determined|""""""||4|2020-08-30 23:13:19.735208+00|303.350934
51|determined|""""""||1|2020-09-23 23:39:01.854962+00|0
52|determined|""""""||1|2020-09-23 23:39:50.590001+00|0
53|determined|""""""||1|2020-09-23 23:41:19.679377+00|0
54|determined|""""""||8|2020-09-23 23:43:55.60258+00|0
55|determined|""""""||4|2020-09-23 23:44:16.360691+00|0
56|determined|""""""||4|2020-09-24 16:26:53.583985+00|0
57|determined|""""""||1|2020-09-28 21:53:16.895853+00|23.732892
58|determined|""""""||1|2020-09-28 23:33:41.783773+00|0
59|determined|""""""||1|2020-09-28 23:34:58.120504+00|27.519399
60|determined|""""""||1|2020-09-28 23:39:11.618547+00|0
61|determined|""""""||1|2020-09-29 00:32:15.407981+00|0
62|determined|""""""||1|2020-09-29 00:32:39.337772+00|0
63|determined|""""""||1|2020-09-29 00:36:18.515643+00|0
64|determined|""""""||1|2020-09-29 00:38:48.141006+00|0
65|determined|""""""||1|2020-09-29 00:40:32.40505+00|0
66|determined|""""""||1|2020-09-29 00:55:43.199874+00|0
67|determined|""""""||1|2020-09-29 02:16:19.652874+00|0
68|determined|""""""||1|2020-09-29 02:16:41.548544+00|0
69|determined|""""""||1|2020-09-29 02:19:40.013243+00|0
70|determined|""""""||1|2020-09-29 02:21:15.110299+00|0
71|determined|""""""||1|2020-09-29 02:24:42.948514+00|0
72|determined|""""""||1|2020-09-29 02:25:46.469591+00|26.312986
73|determined|""""""||1|2020-09-29 02:40:08.368424+00|0
74|determined|""""""||1|2020-09-29 02:41:21.009248+00|0
75|determined|""""""||1|2020-09-29 02:45:58.107722+00|0
76|determined|""""""||1|2020-09-29 02:46:56.258529+00|26.823264
77|determined|""""""||1|2020-09-29 02:47:55.712935+00|116.183392
78|determined|""""""||1|2020-09-29 02:49:29.756861+00|115.296608
79|determined|""""""||1|2020-09-29 19:50:14.11673+00|115.277024
80|determined|""""""||1|2020-09-29 19:52:02.615326+00|0
81|determined|""""""||1|2020-09-29 19:52:37.592942+00|151.833363
82|determined|""""""||1|2020-10-07 20:40:25.075173+00|0
83|determined|""""""||1|2020-10-07 20:41:20.931214+00|0
84|determined|""""""||1|2020-10-07 20:48:00.235913+00|118.299636
85|determined|""""""||1|2020-10-07 20:49:06.787644+00|147.16698
86|determined|""""""||1|2020-10-07 20:49:59.371785+00|285.367592
87|determined|""""""||2|2020-10-21 23:22:39.05335+00|267.685092
88|angela|""""""||1|2020-11-06 17:15:01.333962+00|22.44007
89|angela|""""""||1|2020-11-06 17:22:28.613373+00|138.457846
90|angela|""""""||1|2020-11-06 17:45:58.89486+00|977.778645
91|angela|""""""||1|2020-11-06 20:13:57.888955+00|999.055982
92|angela|""""""||1|2020-11-06 22:24:02.921213+00|940.194829
93|determined|""""""||1|2020-11-09 07:27:23.543732+00|9.095121
94|determined|""""""||1|2020-11-09 07:31:19.196254+00|20.040973
95|determined|""""""||1|2020-11-09 07:32:43.846958+00|21.350825
96|determined|""""""||1|2020-11-09 07:33:39.253572+00|19.804485
97|determined|""""""||1|2020-11-09 07:34:50.409209+00|20.666073
98|determined|""""""||1|2020-11-09 07:36:45.795339+00|20.440695
99|determined|""""""||1|2020-11-09 07:37:57.309368+00|20.551686
100|determined|""""""||1|2020-11-09 07:42:53.388309+00|20.77279
101|determined|""""""||1|2020-11-09 10:05:45.838728+00|20.507276
102|determined|""""""||1|2020-11-09 10:09:03.970845+00|20.443407
103|determined|""""""||1|2020-11-09 10:10:11.394272+00|24.964288
104|determined|""""""||1|2020-11-09 10:30:21.772102+00|24.871237
105|determined|""""""||1|2020-11-09 10:32:54.003106+00|28.816747
106|determined|""""""||1|2020-11-09 10:34:13.364257+00|28.400491
107|determined|""""""||1|2020-11-09 10:38:52.673143+00|32.140674
108|determined|""""""||1|2020-11-09 11:00:20.253433+00|20.413271
109|determined|""""""||1|2020-11-09 11:01:50.548855+00|20.445307
110|determined|""""""||1|2020-11-09 11:02:34.485488+00|20.485332
111|determined|""""""||1|2020-11-09 11:19:24.190974+00|29.268466
112|determined|""""""||1|2020-11-09 11:22:37.623041+00|25.750344
113|determined|""""""||1|2020-11-09 11:26:55.476468+00|28.480889
114|determined|""""""||1|2020-11-09 11:28:09.547666+00|28.529453
115|determined|""""""||1|2020-11-09 11:31:51.431077+00|28.251792
116|determined|""""""||1|2020-11-09 11:44:41.433941+00|29.605099
117|determined|""""""||1|2020-11-09 12:05:31.627672+00|30.901568
118|determined|""""""||1|2020-11-09 12:09:21.509253+00|26.036145
119|determined|""""""||1|2020-11-09 19:24:06.91671+00|29.239259
120|determined|""""""||1|2020-11-09 19:26:42.135258+00|28.409748
121|determined|""""""||1|2020-11-09 19:33:20.578313+00|27.794553
122|determined|""""""||1|2020-11-09 19:34:22.606901+00|30.69859
123|determined|""""""||1|2020-11-09 19:35:42.390748+00|18.56041
124|determined|""""""||1|2020-11-09 19:44:33.18903+00|20.487616
125|determined|""""""||1|2020-11-09 19:45:28.238498+00|18.392258
126|determined|""""""||1|2020-11-09 19:46:18.900766+00|20.549853
127|determined|""""""||1|2020-11-09 19:52:36.438308+00|20.415298
128|determined|""""""||1|2020-11-09 20:10:30.444693+00|18.677483
129|determined|""""""||1|2020-11-09 20:14:31.578833+00|20.410688
130|determined|""""""||1|2020-11-09 20:15:06.196213+00|20.54146
131|determined|""""""||1|2020-11-09 20:15:57.210848+00|20.492955
132|determined|""""""||1|2020-11-09 20:17:31.781064+00|20.374131
133|determined|""""""||1|2020-11-09 20:19:01.782947+00|25.659116
134|determined|""""""||1|2020-11-09 20:20:56.262701+00|27.961079
135|determined|""""""||1|2020-11-09 20:23:14.413436+00|29.430474
136|determined|""""""||1|2020-11-09 20:35:31.450236+00|19.996827
137|determined|""""""||1|2020-11-09 20:39:02.374304+00|20.400328
138|determined|""""""||1|2020-11-09 21:01:04.574269+00|28.868958
139|determined|""""""||1|2020-11-09 21:13:06.098457+00|26.933332
140|determined|""""""||1|2020-11-09 21:20:50.178635+00|24.62558
141|determined|""""""||1|2020-11-09 21:23:02.63919+00|25.763741
142|determined|""""""||1|2020-11-09 21:27:09.06438+00|29.553923
143|determined|""""""||1|2020-11-09 21:28:54.037395+00|25.713009
144|determined|""""""||1|2020-11-09 21:29:41.145487+00|28.80075
145|determined|""""""||1|2020-11-09 21:32:14.417395+00|29.43242
146|determined|""""""||1|2020-11-09 21:37:39.323361+00|28.162283
147|determined|""""""||1|2020-11-09 22:04:35.06468+00|46.689276
148|determined|""""""||1|2020-11-09 22:07:20.897672+00|0.024805
149|determined|""""""||1|2020-11-09 22:08:58.599194+00|0.026722
150|determined|""""""||1|2020-11-09 22:10:22.763903+00|0.02586
151|determined|""""""||1|2020-11-09 22:11:56.295026+00|31.430691
152|determined|""""""||1|2020-11-09 22:13:01.513647+00|29.5715
153|determined|""""""||1|2020-11-09 22:13:48.817257+00|29.032584
154|determined|""""""||1|2020-11-09 22:14:45.793263+00|55.005527
155|determined|""""""||1|2020-11-09 22:15:57.287739+00|0.024707
156|determined|""""""||1|2020-11-09 22:16:29.0122+00|0.024519
157|determined|""""""||1|2020-11-09 22:16:49.100238+00|0.028574
158|determined|""""""||1|2020-11-09 22:17:06.217389+00|34.431626
159|determined|""""""||1|2020-11-09 22:17:21.209137+00|0.025441
160|determined|""""""||1|2020-11-09 22:17:53.420209+00|26.874556
161|determined|""""""||1|2020-11-09 22:18:30.629839+00|0.023942
162|determined|""""""||1|2020-11-09 22:18:51.774502+00|0.030153
163|determined|""""""||1|2020-11-09 22:19:16.857875+00|51.268424
164|determined|""""""||1|2020-11-09 22:19:39.301383+00|45.088038
165|determined|""""""||1|2020-11-09 22:21:22.70456+00|44.82446
166|determined|""""""||1|2020-11-09 22:22:39.120727+00|45.709117
167|determined|""""""||1|2020-11-09 22:27:11.088227+00|0.024564
168|determined|""""""||1|2020-11-09 22:27:30.07591+00|54.599264
169|determined|""""""||1|2020-11-10 00:18:33.85208+00|0.024192
170|determined|""""""||1|2020-11-10 00:18:52.282731+00|0.0253
171|determined|""""""||1|2020-11-10 00:19:08.327337+00|46.520433
172|determined|""""""||1|2020-11-10 00:20:24.056726+00|0.026109
173|determined|""""""||1|2020-11-10 00:22:43.197405+00|0.028869
174|determined|""""""||1|2020-11-10 00:22:51.786432+00|0.024845
175|determined|""""""||1|2020-11-10 00:22:58.949823+00|0.024777
176|determined|""""""||1|2020-11-10 00:23:26.143446+00|47.847749
177|determined|""""""||1|2020-11-10 00:26:51.699666+00|0.025734
178|determined|""""""||1|2020-11-10 00:27:01.834742+00|0.023296
179|determined|""""""||1|2020-11-10 00:27:08.813529+00|0.022829
180|determined|""""""||1|2020-11-10 00:27:12.516327+00|0.031123
181|determined|""""""||1|2020-11-10 00:27:23.113761+00|0.02561
182|determined|""""""||1|2020-11-10 00:27:29.885247+00|0.023904
183|determined|""""""||1|2020-11-10 00:27:43.467289+00|0.025207
184|determined|""""""||1|2020-11-10 00:27:47.974217+00|0.023615
185|determined|""""""||1|2020-11-10 00:27:55.568987+00|48.301486
186|determined|""""""||1|2020-11-10 00:42:16.93964+00|0.027406
187|determined|""""""||1|2020-11-10 00:42:25.888254+00|0.023932
188|determined|""""""||1|2020-11-10 00:42:32.918169+00|0.025952
189|determined|""""""||1|2020-11-10 00:42:34.774338+00|0.02607
190|determined|""""""||1|2020-11-10 00:44:21.401298+00|0.027527
191|determined|""""""||1|2020-11-10 00:44:23.636845+00|0.026157
192|determined|""""""||1|2020-11-10 00:47:46.340235+00|0.027507
193|determined|""""""||1|2020-11-10 00:47:48.406594+00|51.635322
194|determined|""""""||1|2020-11-10 00:47:51.688078+00|52.149874
195|determined|""""""||1|2020-11-10 00:49:29.888779+00|0.02592
196|determined|""""""||1|2020-11-10 00:49:37.107712+00|0.025979
197|determined|""""""||1|2020-11-10 00:49:39.051562+00|0.025414
198|determined|""""""||1|2020-11-10 00:49:56.146738+00|0.024829
199|determined|""""""||1|2020-11-10 00:50:08.851894+00|0.025779
200|determined|""""""||1|2020-11-10 00:50:13.839558+00|0.022544
201|determined|""""""||1|2020-11-10 00:50:16.104111+00|0.026554
202|determined|""""""||1|2020-11-10 00:50:24.494503+00|0.025547
203|determined|""""""||1|2020-11-10 00:50:26.349493+00|52.476108
204|determined|""""""||1|2020-11-10 00:50:28.368582+00|45.452729
205|determined|""""""||1|2020-11-10 01:00:46.824244+00|0.025742
206|determined|""""""||1|2020-11-10 01:01:02.929203+00|0.027142
207|determined|""""""||1|2020-11-10 01:01:04.356156+00|0.023193
208|determined|""""""||1|2020-11-10 01:01:06.30027+00|17.973893
209|determined|""""""||1|2020-11-10 01:06:46.285791+00|17.434128
210|determined|""""""||1|2020-11-10 01:06:47.956799+00|0
211|determined|""""""||1|2020-11-10 01:06:49.829645+00|0
212|determined|""""""||1|2020-11-10 01:07:30.144212+00|0.02508
213|determined|""""""||1|2020-11-10 01:07:31.73358+00|0.026562
214|determined|""""""||1|2020-11-10 01:07:33.270698+00|50.741134
215|determined|""""""||1|2020-11-10 01:09:09.989439+00|0.024663
216|determined|""""""||1|2020-11-10 01:09:11.590735+00|52.271536
217|determined|""""""||1|2020-11-10 01:09:13.34987+00|55.862133
218|determined|""""""||1|2020-11-10 01:12:12.702889+00|0.029567
219|determined|""""""||1|2020-11-10 01:12:14.259118+00|0.02142
220|determined|""""""||1|2020-11-10 01:12:22.571971+00|0.028833
221|determined|""""""||1|2020-11-10 01:12:24.056756+00|0.023354
222|determined|""""""||1|2020-11-10 01:12:32.423715+00|45.704775
223|determined|""""""||1|2020-11-10 01:12:35.843609+00|0
224|determined|""""""||1|2020-11-10 01:12:37.428582+00|0
225|determined|""""""||1|2020-11-10 01:14:24.055243+00|0.025826
226|determined|""""""||1|2020-11-10 01:14:25.709846+00|0.025116
227|determined|""""""||1|2020-11-10 01:14:33.170808+00|0.025496
228|determined|""""""||1|2020-11-10 01:14:34.741785+00|0.025533
229|determined|""""""||1|2020-11-10 01:14:41.380615+00|0.025587
230|determined|""""""||1|2020-11-10 01:14:43.595924+00|50.346876
231|determined|""""""||1|2020-11-10 01:14:45.524643+00|63.690949
232|determined|""""""||1|2020-11-11 03:50:58.677593+00|0.02646
233|determined|""""""||1|2020-11-11 03:51:06.400049+00|64.972787
234|determined|""""""||1|2020-11-11 03:51:07.786775+00|0
235|determined|""""""||1|2020-11-11 03:51:09.298405+00|0
236|determined|""""""||1|2020-11-11 03:52:58.594255+00|0.02557
237|determined|""""""||1|2020-11-11 03:53:00.189504+00|0.023373
238|determined|""""""||1|2020-11-11 03:53:01.827578+00|0.027339
239|determined|""""""||1|2020-11-11 03:53:10.030659+00|0.025808
240|determined|""""""||1|2020-11-11 03:53:11.486568+00|0.026257
241|determined|""""""||1|2020-11-11 03:53:13.07872+00|0.025341
242|determined|""""""||1|2020-11-11 03:53:34.57373+00|0.025585
243|determined|""""""||1|2020-11-11 03:53:36.408639+00|0.024726
244|determined|""""""||1|2020-11-11 03:53:38.013335+00|0.025224
245|determined|""""""||1|2020-11-11 03:53:56.372372+00|0.039508
246|determined|""""""||1|2020-11-11 03:53:58.335062+00|0.025054
247|determined|""""""||1|2020-11-11 03:53:59.953708+00|0.021726
248|determined|""""""||1|2020-11-11 03:54:05.671701+00|0.023034
249|determined|""""""||1|2020-11-11 03:54:07.131957+00|0.023046
250|determined|""""""||1|2020-11-11 03:54:08.681917+00|0.023675
251|determined|""""""||1|2020-11-11 03:54:27.845568+00|0.025876
252|determined|""""""||1|2020-11-11 03:54:29.45305+00|65.175982
253|determined|""""""||1|2020-11-11 03:54:30.975498+00|68.905046
254|determined|""""""||1|2020-11-11 03:54:32.544881+00|77.274816
255|determined|""""""||1|2020-11-11 03:57:00.373911+00|0.025899
256|determined|""""""||1|2020-11-11 03:57:15.246257+00|0.02601
257|determined|""""""||1|2020-11-11 03:57:17.794568+00|0.030239
258|determined|""""""||1|2020-11-11 03:57:20.036714+00|0.02453
259|determined|""""""||1|2020-11-11 03:57:25.510211+00|0.025562
260|determined|""""""||1|2020-11-11 03:57:27.082143+00|0.024984
261|determined|""""""||1|2020-11-11 03:57:28.565075+00|0.02285
262|determined|""""""||1|2020-11-11 03:57:29.955625+00|0.024954
263|determined|""""""||1|2020-11-11 03:57:46.244445+00|64.671521
264|determined|""""""||1|2020-11-11 03:57:47.695029+00|54.427629
265|determined|""""""||1|2020-11-11 03:57:49.187181+00|56.252351
266|determined|""""""||1|2020-11-11 03:57:50.604139+00|84.504775
267|determined|""""""||1|2020-11-11 03:59:23.360984+00|0.024
268|determined|""""""||1|2020-11-11 03:59:30.839024+00|0.024286
269|determined|""""""||1|2020-11-11 03:59:32.29658+00|0.024795
270|determined|""""""||1|2020-11-11 03:59:33.668888+00|0.02415
271|determined|""""""||1|2020-11-11 03:59:35.074997+00|0.026594
272|determined|""""""||1|2020-11-11 03:59:41.822771+00|0.024303
273|determined|""""""||1|2020-11-11 03:59:43.281173+00|0.024296
274|determined|""""""||1|2020-11-11 03:59:44.793182+00|54.674012
275|determined|""""""||1|2020-11-11 03:59:46.196627+00|83.542228
276|determined|""""""||1|2020-11-11 05:42:33.601513+00|0.024923
277|determined|""""""||1|2020-11-11 05:42:35.15241+00|0.03034
278|determined|""""""||1|2020-11-11 05:42:36.592558+00|48.412762
279|determined|""""""||1|2020-11-11 05:42:37.974934+00|55.888495
280|determined|""""""||1|2020-11-11 05:44:04.750974+00|0.023135
281|determined|""""""||1|2020-11-11 05:44:06.260545+00|0.024671
282|determined|""""""||1|2020-11-11 05:44:08.184835+00|61.743838
283|determined|""""""||1|2020-11-11 05:44:09.902452+00|49.217926
284|determined|""""""||1|2020-11-11 05:47:01.789326+00|57.378138
285|determined|""""""||1|2020-11-11 05:48:09.716675+00|0.026458
286|determined|""""""||1|2020-11-11 05:49:35.940305+00|0.024638
287|determined|""""""||1|2020-11-11 05:49:37.389962+00|0.024721
288|determined|""""""||1|2020-11-11 05:49:39.038515+00|0.023297
289|determined|""""""||1|2020-11-11 05:49:53.577565+00|67.396669
290|determined|""""""||1|2020-11-11 05:49:54.992166+00|52.969121
291|determined|""""""||1|2020-11-11 05:49:57.275558+00|55.11996
292|determined|""""""||1|2020-11-11 05:49:58.871975+00|57.234044
293|determined|""""""||1|2020-11-11 05:51:19.114766+00|0.026038
294|determined|""""""||1|2020-11-11 05:51:32.186282+00|0.02559
295|determined|""""""||1|2020-11-11 05:51:33.605767+00|0.023168
296|determined|""""""||1|2020-11-11 05:51:34.984474+00|49.843851
297|determined|""""""||1|2020-11-11 05:51:36.448326+00|49.720301
298|determined|""""""||1|2020-11-11 05:53:57.215663+00|0.025941
299|determined|""""""||1|2020-11-11 05:54:03.445049+00|0.023459
300|determined|""""""||1|2020-11-11 05:54:04.818504+00|0.024536
301|determined|""""""||1|2020-11-11 05:54:06.165031+00|0.023842
302|determined|""""""||1|2020-11-11 05:54:07.612584+00|0.022271
303|determined|""""""||1|2020-11-11 05:54:14.617033+00|0.025771
304|determined|""""""||1|2020-11-11 05:54:16.052115+00|0.025573
305|determined|""""""||1|2020-11-11 05:54:17.416823+00|0.025457
306|determined|""""""||1|2020-11-11 06:01:52.209876+00|49.129201
307|determined|""""""||1|2020-11-11 06:03:09.516481+00|50.518633
308|determined|""""""||1|2020-11-11 06:22:58.863936+00|57.530452
309|determined|""""""||1|2020-11-11 06:25:48.396451+00|42.890468
310|determined|""""""||1|2020-11-11 06:28:20.355916+00|77.296952
311|determined|""""""||1|2020-11-11 06:28:47.909335+00|60.730425
312|determined|""""""||1|2020-11-12 19:57:38.994506+00|19.800482
313|determined|""""""||1|2020-11-12 19:59:23.531743+00|0
314|determined|""""""||1|2020-11-12 19:59:28.507377+00|49.300633
315|determined|""""""||1|2020-11-12 20:00:39.575933+00|31.566154
316|determined|""""""||1|2020-11-12 20:01:40.420463+00|31.936249
317|determined|""""""||1|2020-11-12 20:02:36.025224+00|46.681522
318|determined|""""""||1|2020-11-12 20:05:37.488107+00|48.821435
319|determined|""""""||1|2020-11-12 20:07:03.903903+00|49.552667
320|determined|""""""||1|2020-11-12 20:11:08.848507+00|55.313794
321|determined|""""""||1|2020-11-12 20:14:55.656194+00|51.594043
322|determined|""""""||1|2020-11-12 20:17:06.721013+00|49.0083
323|determined|""""""||1|2020-11-12 20:19:03.69145+00|74.280945
324|determined|""""""||1|2020-11-12 22:05:54.910299+00|123.370312
325|determined|""""""||1|2020-11-12 22:08:24.450624+00|124.453389
326|determined|""""""||1|2020-11-12 22:10:05.634605+00|20.077522
327|determined|""""""||1|2020-11-12 22:11:42.497998+00|62.87353
328|determined|""""""||1|2020-11-12 22:29:04.400592+00|0
329|determined|""""""||1|2020-11-12 22:35:24.766365+00|171.105765
330|determined|""""""||1|2020-11-12 22:50:53.057719+00|0
331|determined|""""""||1|2020-11-12 22:54:34.05256+00|149.761473
332|determined|""""""||1|2020-11-12 23:01:54.903303+00|19.931177
333|determined|""""""||1|2020-11-12 23:02:45.950858+00|49.772749
334|determined|""""""||1|2020-11-12 23:03:43.027941+00|45.675863
335|determined|""""""||1|2020-11-12 23:06:25.28218+00|45.808586
336|determined|""""""||1|2020-11-12 23:11:58.012882+00|45.563865
337|determined|""""""||1|2020-11-12 23:13:05.072723+00|59.593245
338|determined|""""""||1|2020-11-12 23:18:18.863553+00|53.009133
339|determined|""""""||1|2020-11-12 23:20:24.050116+00|44.977949
340|determined|""""""||1|2020-11-12 23:38:09.643717+00|57.715861
341|determined|""""""||1|2020-11-12 23:46:14.937926+00|54.526677
342|determined|""""""||1|2020-11-12 23:49:51.103608+00|56.467116
343|determined|""""""||1|2020-11-12 23:57:09.707368+00|0.042226
344|determined|""""""||1|2020-11-12 23:57:28.312836+00|0.040777
345|determined|""""""||1|2020-11-12 23:57:34.412764+00|0.041016
346|determined|""""""||1|2020-11-12 23:57:35.72405+00|0.043508
347|determined|""""""||1|2020-11-12 23:57:36.82398+00|0.031359
348|determined|""""""||1|2020-11-12 23:57:38.034863+00|0.030425
349|determined|""""""||1|2020-11-13 00:00:12.498003+00|45.705613
350|determined|""""""||1|2020-11-13 00:10:40.551305+00|46.836692
351|determined|""""""||1|2020-11-13 00:11:45.381239+00|45.42347
352|determined|""""""||1|2020-11-13 00:17:27.336119+00|54.205701
353|determined|""""""||1|2020-11-13 00:19:00.045177+00|49.408906
354|determined|""""""||1|2020-11-13 00:21:38.394598+00|57.424678
355|determined|""""""||1|2020-11-13 00:23:19.182901+00|76.91534
356|determined|""""""||1|2020-11-13 00:25:25.906495+00|63.539965
357|determined|""""""||1|2020-11-13 00:25:27.561461+00|82.497933
358|determined|""""""||1|2020-11-13 00:28:04.230151+00|79.885813
359|determined|""""""||1|2020-11-13 00:31:20.033987+00|85.077792
360|determined|""""""||1|2020-11-13 00:35:00.43462+00|46.929352
361|determined|""""""||1|2020-11-13 00:35:56.234224+00|46.978324
362|determined|""""""||1|2020-11-13 00:37:27.436682+00|54.764606
363|determined|""""""||1|2020-11-13 00:42:40.670216+00|51.968719
364|determined|""""""||1|2020-11-13 00:43:43.165011+00|56.912274
365|determined|""""""||1|2020-11-13 00:46:50.225203+00|54.644603
366|determined|""""""||1|2020-11-13 00:55:29.120555+00|79.924867
367|determined|""""""||1|2020-11-13 00:56:13.488788+00|57.134801
368|determined|""""""||1|2020-11-13 00:59:06.646659+00|51.337665
369|determined|""""""||1|2020-11-13 01:03:16.737629+00|222.192176
370|determined|""""""||1|2020-11-13 20:00:08.454714+00|145.610725
371|determined|""""""||1|2020-11-13 20:03:10.999318+00|145.222354
372|determined|""""""||1|2020-11-13 20:21:25.87649+00|24.197447
373|determined|""""""||4|2020-11-13 20:21:44.020258+00|61.427905
374|determined|""""""||4|2020-11-13 21:00:34.938576+00|206.706668
375|determined|""""""||1|2020-11-13 21:08:25.121335+00|65.885222
376|determined|""""""||1|2020-11-13 21:10:07.311218+00|75.045646
377|determined|""""""||4|2020-11-13 21:15:35.312738+00|0
378|determined|""""""||4|2020-11-13 21:16:10.269021+00|936.575673
379|determined|""""""||1|2020-11-13 22:13:23.459734+00|47.579778
380|determined|""""""||1|2020-11-13 22:41:41.794325+00|216.367052
381|determined|""""""||1|2020-11-13 22:47:31.435886+00|50.450308
382|determined|""""""||1|2020-11-13 22:50:25.611509+00|48.33261
383|determined|""""""||1|2020-11-13 22:55:27.476596+00|49.120696
384|determined|""""""||1|2020-11-13 22:57:40.418224+00|53.941287
385|determined|""""""||1|2020-11-13 23:07:29.284487+00|92.359525
386|determined|""""""||1|2020-11-13 23:16:54.502472+00|77.420992
387|determined|""""""||1|2020-11-13 23:21:46.246521+00|52.4629
388|determined|""""""||1|2020-11-13 23:24:20.746169+00|80.5922
389|determined|""""""||1|2020-11-13 23:26:41.198241+00|78.42957
390|determined|""""""||1|2020-11-13 23:28:11.420009+00|61.173353
391|determined|""""""||1|2020-11-13 23:30:16.175899+00|50.777585
392|determined|""""""||1|2020-11-13 23:36:49.212417+00|48.698421
393|determined|""""""||1|2020-11-13 23:37:21.154761+00|74.707625
394|determined|""""""||1|2020-11-13 23:41:26.983933+00|64.388873
395|determined|""""""||1|2020-11-13 23:44:14.519124+00|67.376351
396|determined|""""""||1|2020-11-13 23:47:31.601143+00|61.018768
397|determined|""""""||1|2020-11-13 23:48:00.735758+00|73.01495
398|determined|""""""||1|2020-11-13 23:50:47.571687+00|44.314797
399|determined|""""""||1|2020-11-13 23:53:04.730845+00|44.105592
400|determined|""""""||1|2020-11-13 23:55:41.032249+00|65.19927
401|determined|""""""||1|2020-11-13 23:56:59.193642+00|25.725989
402|determined|""""""||1|2020-11-13 23:57:49.6701+00|70.543556
403|determined|""""""||1|2020-11-14 00:00:32.912991+00|47.884666
404|determined|""""""||1|2020-11-14 00:04:16.725641+00|76.976464
405|determined|""""""||1|2020-11-14 00:14:23.866729+00|45.711978
406|determined|""""""||1|2020-11-14 00:19:54.779003+00|51.026575
407|determined|""""""||1|2020-11-14 00:20:26.808684+00|49.777669
408|determined|""""""||1|2020-11-14 00:25:25.451712+00|45.953668
409|determined|""""""||1|2020-11-14 00:25:41.603093+00|51.726209
410|determined|""""""||1|2020-11-14 00:29:42.87698+00|52.54293
411|determined|""""""||1|2020-11-14 00:36:28.02438+00|48.511024
412|determined|""""""||1|2020-11-14 00:39:58.168075+00|101.309797
413|determined|""""""||1|2020-11-14 00:47:08.33471+00|79.73577
414|determined|""""""||1|2020-11-14 00:57:23.950158+00|142.798665
415|determined|""""""||1|2020-11-14 01:00:33.301645+00|45.347838
416|determined|""""""||1|2020-11-14 01:04:37.753322+00|68.696947
417|determined|""""""||1|2020-11-14 01:18:41.24028+00|20.723283
418|determined|""""""||1|2020-11-14 01:22:00.598821+00|21.151097
419|determined|""""""||1|2020-11-14 01:23:09.096466+00|24.963593
420|determined|""""""||1|2020-11-14 01:23:28.411073+00|27.314884
421|determined|""""""||1|2020-11-14 01:24:17.963189+00|44.929075
422|determined|""""""||1|2020-11-14 01:26:38.981711+00|62.597874
423|determined|""""""||1|2020-11-14 01:30:19.760864+00|21.499184
424|determined|""""""||1|2020-11-14 01:31:25.359747+00|25.573283
425|determined|""""""||1|2020-11-14 01:32:30.913435+00|231.746819
426|determined|""""""||1|2020-11-14 01:37:01.77902+00|38.635413
427|determined|""""""||1|2020-11-14 01:38:31.868746+00|20.593302
428|determined|""""""||1|2020-11-14 01:43:34.614032+00|44.333958
429|determined|""""""||1|2020-11-14 01:45:20.110608+00|28.473664
430|determined|""""""||1|2020-11-14 01:46:08.941768+00|27.502306
431|determined|""""""||1|2020-11-14 01:47:40.712257+00|10.366915
432|determined|""""""||1|2020-11-14 01:48:22.117781+00|24.554069
433|determined|""""""||1|2020-11-14 01:50:28.040208+00|10.487807
434|determined|""""""||1|2020-11-14 01:51:45.480388+00|26.437209
435|determined|""""""||1|2020-11-14 01:53:59.660957+00|31.220743
436|determined|""""""||1|2020-11-14 01:56:02.252457+00|11.889793
437|determined|""""""||1|2020-11-14 01:56:45.947544+00|10.450678
438|determined|""""""||1|2020-11-14 01:57:36.866457+00|23.503866
439|determined|""""""||1|2020-11-14 01:58:37.108884+00|63.599401
471|determined|""""""||1|2020-11-14 02:03:55.253072+00|29.343372
472|determined|""""""||1|2020-11-14 02:15:15.456993+00|26.301842
473|determined|""""""||1|2020-11-14 02:16:02.29961+00|490.725061
474|determined|""""""||1|2020-11-15 21:12:16.245146+00|44.840299
475|determined|""""""||1|2020-11-15 21:19:11.524266+00|124.212668
476|determined|""""""||1|2020-11-15 21:21:38.237382+00|25.672897
477|determined|""""""||1|2020-11-15 21:23:25.230676+00|35.409084
478|determined|""""""||1|2020-11-15 21:24:58.080433+00|39.900624
479|determined|""""""||1|2020-11-15 21:26:41.952922+00|42.908707
480|determined|""""""||1|2020-11-15 21:28:04.222691+00|1.808776
481|determined|""""""||1|2020-11-15 21:30:23.212456+00|3.080908
482|determined|""""""||1|2020-11-15 21:34:01.746534+00|250.169736
483|determined|""""""||1|2020-11-15 21:35:10.075464+00|8.902581
484|determined|""""""||1|2020-11-15 21:39:06.181152+00|40.041884
485|determined|""""""||1|2020-11-15 21:40:28.289453+00|39.100801
486|determined|""""""||1|2020-11-15 21:41:51.836688+00|38.799961
487|determined|""""""||1|2020-11-15 21:43:47.482522+00|38.188979
488|determined|""""""||1|2020-11-15 21:45:00.75068+00|39.487251
489|determined|""""""||1|2020-11-15 21:46:47.592091+00|38.882042
490|determined|""""""||1|2020-11-15 21:49:12.498797+00|24.475457
491|determined|""""""||1|2020-11-15 21:50:17.877704+00|23.730593
492|determined|""""""||1|2020-11-15 21:51:38.213756+00|23.669232
493|determined|""""""||1|2020-11-15 21:52:39.446392+00|43.563875
494|determined|""""""||1|2020-11-15 21:55:33.796733+00|40.905447
495|determined|""""""||1|2020-11-15 21:58:00.768406+00|37.590699
496|determined|""""""||1|2020-11-15 22:00:13.119554+00|39.486174
497|determined|""""""||1|2020-11-15 22:01:48.632031+00|48.256039
498|determined|""""""||1|2020-11-15 22:03:16.973324+00|39.167655
499|determined|""""""||1|2020-11-15 22:05:01.458805+00|42.121109
500|determined|""""""||1|2020-11-15 22:06:15.61787+00|39.571146
501|determined|""""""||1|2020-11-15 22:14:17.361752+00|36.101764
502|determined|""""""||1|2020-11-15 22:18:18.157218+00|0
503|determined|""""""||1|2020-11-15 22:20:11.205916+00|20.340323
504|determined|""""""||1|2020-11-15 22:21:10.206662+00|20.122011
505|determined|""""""||1|2020-11-15 22:21:50.509209+00|48.101562
506|determined|""""""||1|2020-11-15 22:24:58.866342+00|53.793113
507|determined|""""""||1|2020-11-15 22:26:01.589574+00|45.353966
508|determined|""""""||1|2020-11-15 22:29:08.158018+00|163.600773
509|determined|""""""||1|2020-11-15 22:36:27.986499+00|47.993898
510|determined|""""""||1|2020-11-15 22:37:42.222793+00|75.579395
511|determined|""""""||4|2020-11-15 22:43:33.828305+00|27.135277
512|determined|""""""||4|2020-11-15 22:44:49.293691+00|64.611453
513|determined|""""""||4|2020-11-15 23:05:20.974039+00|96.596661
514|determined|""""""||1|2020-11-15 23:06:34.232117+00|154.997243
515|determined|""""""||1|2020-11-15 23:10:44.694141+00|159.42265
516|determined|""""""||4|2020-11-15 23:19:36.119788+00|110.735194
517|determined|""""""||4|2020-11-15 23:22:09.10243+00|9516.027535
518|determined|""""""||4|2020-11-16 05:42:22.768958+00|9443.578795
519|determined|""""""||1|2020-11-16 10:05:22.866003+00|45.663526
520|determined|""""""||1|2020-11-16 10:06:30.694572+00|45.168196
521|determined|""""""||1|2020-11-16 10:09:45.059899+00|54.21404
522|determined|""""""||1|2020-11-16 10:10:01.534544+00|59.307264
523|determined|""""""||1|2020-11-16 10:11:00.879031+00|44.155142
524|determined|""""""||1|2020-11-16 10:12:44.576455+00|49.882754
525|determined|""""""||1|2020-11-16 10:16:17.039851+00|44.653198
526|determined|""""""||1|2020-11-16 10:22:46.560935+00|53.022203
527|determined|""""""||1|2020-11-16 10:23:53.359346+00|45.756261
528|determined|""""""||1|2020-11-16 10:32:16.710887+00|47.611909
529|determined|""""""||4|2020-11-16 10:34:03.441788+00|132.092051
530|determined|""""""||4|2020-11-16 10:37:09.016091+00|60.383551
531|determined|""""""||4|2020-11-16 11:04:14.843829+00|1610.812531
532|determined|""""""||4|2020-11-16 17:05:44.198439+00|92.871824
533|determined|""""""||1|2020-11-16 17:07:16.846536+00|48.811513
534|determined|""""""||1|2020-11-16 17:31:18.451474+00|0
535|determined|""""""||4|2020-11-16 17:31:21.421418+00|9676.69961
536|determined|""""""||1|2020-11-16 20:41:36.070448+00|21.28369
537|determined|""""""||1|2020-11-16 20:45:13.902039+00|20.563625
538|determined|""""""||4|2020-11-16 20:56:51.248281+00|17.223638
539|determined|""""""||1|2020-11-16 21:01:39.887168+00|22.864169
540|determined|""""""||1|2020-11-16 21:03:27.776105+00|22.52488
541|determined|""""""||1|2020-11-16 21:09:48.854368+00|170.070961
542|determined|""""""||1|2020-11-16 21:14:34.262039+00|153.725627
543|determined|""""""||1|2020-11-16 21:29:04.361277+00|27.757562
544|determined|""""""||1|2020-11-16 21:31:49.589419+00|45.470514
545|determined|""""""||1|2020-11-16 21:35:10.550614+00|45.069917
546|determined|""""""||1|2020-11-16 21:41:36.805809+00|44.328796
547|determined|""""""||4|2020-11-16 21:50:03.799902+00|0
548|determined|""""""||4|2020-11-16 21:51:10.753444+00|0
549|determined|""""""||4|2020-11-16 21:51:49.995549+00|2238.184368
550|determined|""""""|"[""main to use""]"|4|2020-11-16 22:32:33.543962+00|10050.288307
551|determined|""""""||1|2020-11-16 23:56:20.723901+00|223.330334
552|determined|""""""||4|2020-11-17 02:33:02.675528+00|21.843922
553|determined|""""""||4|2020-11-17 02:38:55.16426+00|0
554|determined|""""""|"[""main to use""]"|4|2020-11-17 02:41:38.904522+00|21.730976
555|determined|""""""|"[""main to use""]"|4|2020-11-17 02:42:28.337681+00|21.744049
556|determined|""""""|"[""main to use""]"|4|2020-11-17 02:42:56.760201+00|1623.792439
557|determined|""""""|"[""main to use""]"|4|2020-11-17 03:14:09.768099+00|21.966186
558|determined|""""""|"[""main to use""]"|4|2020-11-17 03:14:35.31099+00|21.766686
559|determined|""""""|"[""main to use""]"|4|2020-11-17 03:15:04.772032+00|21.955401
560|determined|""""""|"[""main to use""]"|4|2020-11-17 03:16:38.684993+00|21.755895
561|determined|""""""||4|2020-11-17 03:16:57.170168+00|1647.016476
562|determined|""""""||4|2020-11-17 03:53:46.27034+00|21.891932
563|determined|""""""|"[""main to use"", ""bad model / data""]"|4|2020-11-17 03:53:59.446662+00|1619.522332
564|determined|""""""||1|2020-11-17 04:30:15.271824+00|38.593853
565|determined|""""""||1|2020-11-17 04:31:13.81916+00|27.60741
566|determined|""""""||1|2020-11-17 04:34:47.41297+00|59.036471
567|determined|""""""||1|2020-11-17 04:36:48.909129+00|31.576226
568|determined|""""""||1|2020-11-17 04:37:55.809389+00|44.5637
569|determined|""""""||1|2020-11-17 04:40:54.191315+00|60.05261
570|determined|""""""||1|2020-11-17 04:42:17.562486+00|70.691325
571|determined|""""""||1|2020-11-17 04:47:14.780106+00|45.348747
572|determined|""""""||1|2020-11-17 04:52:41.579526+00|44.955644
573|determined|""""""||1|2020-11-17 04:56:01.239696+00|52.946426
574|determined|""""""||1|2020-11-17 05:01:06.79923+00|44.769786
575|determined|""""""||1|2020-11-17 05:12:47.233053+00|45.419247
576|determined|""""""||1|2020-11-17 05:36:14.543937+00|53.221555
577|determined|""""""||1|2020-11-17 05:44:37.902277+00|50.797732
578|determined|""""""||1|2020-11-17 05:48:08.489508+00|49.329058
579|determined|""""""||1|2020-11-17 05:51:57.070105+00|44.133183
580|determined|""""""||1|2020-11-17 06:20:14.423197+00|0
581|determined|""""""|"[""false""]"|1|2020-11-17 06:20:59.753385+00|24.145844
582|determined|""""""||1|2020-11-17 06:21:09.919455+00|24.739741
583|determined|""""""||1|2020-11-17 06:22:22.374156+00|52.532854
584|determined|""""""||1|2020-11-17 06:22:28.871255+00|44.72026
585|determined|""""""||1|2020-11-17 06:25:01.196033+00|260.640755
586|determined|""""""||1|2020-11-17 06:25:15.05705+00|246.540029
587|determined|""""""||1|2020-11-17 06:33:23.151706+00|44.983966
588|determined|""""""||1|2020-11-17 06:35:06.489104+00|43.912858
589|determined|""""""||1|2020-11-17 06:45:11.375082+00|45.121546
590|determined|""""""||1|2020-11-17 06:54:12.036185+00|50.784593
591|determined|""""""||1|2020-11-17 07:08:57.728112+00|51.100075
592|determined|""""""||1|2020-11-17 07:09:58.680887+00|43.730948
593|determined|""""""||4|2020-11-17 07:12:35.491945+00|5930.403279
594|determined|""""""||4|2020-11-17 10:31:20.29966+00|45.557143
595|determined|""""""||1|2020-11-17 10:35:32.786705+00|19.697006
596|determined|""""""||1|2020-11-17 10:36:13.782854+00|19.669798
597|determined|""""""||1|2020-11-17 10:37:37.001987+00|49.413296
598|determined|""""""||1|2020-11-17 10:51:09.249753+00|57.761071
599|determined|""""""||1|2020-11-17 10:52:33.95969+00|51.044339
600|determined|""""""||1|2020-11-17 10:53:59.353306+00|45.266229
601|determined|""""""||1|2020-11-17 10:55:35.824388+00|108.788294
602|determined|""""""||1|2020-11-17 11:01:35.257028+00|127.738761
603|determined|""""""||1|2020-11-17 11:06:08.239007+00|0
604|determined|""""""||4|2020-11-17 11:09:10.240652+00|9448.522279
605|determined|""""""||4|2020-11-17 18:23:26.701822+00|41.422907
606|determined|""""""||4|2020-11-17 19:28:31.538493+00|42.203057
607|determined|""""""||4|2020-11-17 20:20:37.625923+00|41.370476
608|determined|""""""||4|2020-11-17 20:21:32.514081+00|66.67611
609|determined|""""""||4|2020-11-17 20:24:10.794902+00|69.473103
610|determined|""""""|"[""best""]"|4|2020-11-17 20:25:51.120316+00|19678.930996
611|determined|""""""||4|2020-11-19 00:45:56.436195+00|0
612|determined|""""""||4|2020-11-19 00:47:07.206113+00|41.575968
613|determined|""""""||4|2020-11-19 00:48:26.104217+00|111.750409
614|determined|""""""||4|2020-11-19 00:51:58.589634+00|134.103799
615|determined|""""""||4|2020-11-19 00:55:13.885606+00|108.378362
616|determined|""""""||4|2020-11-19 01:05:11.369219+00|123.238701
617|determined|""""""||4|2020-11-19 01:08:38.974285+00|126.506187
618|determined|""""""||4|2020-11-19 01:12:03.806033+00|117.029759
619|determined|""""""||4|2020-11-19 01:17:51.903236+00|113.090893
620|determined|""""""||4|2020-11-19 01:21:21.835646+00|117.083564
621|determined|""""""||4|2020-11-19 01:24:09.868008+00|111.946104
622|determined|""""""||4|2020-11-19 01:38:09.651396+00|117.027182
623|determined|""""""||4|2020-11-19 01:42:06.874525+00|112.719691
624|determined|""""""||4|2020-11-19 01:48:59.124437+00|110.965577
625|determined|""""""||4|2020-11-19 01:52:31.515814+00|110.405716
626|determined|""""""||4|2020-11-19 02:56:01.629661+00|41.66077
627|determined|""""""||4|2020-11-19 02:57:30.723577+00|0
628|determined|""""""||4|2020-11-19 02:58:03.920206+00|41.68085
629|determined|""""""||4|2020-11-19 03:03:19.412765+00|40.532857
630|determined|""""""||4|2020-11-19 03:04:14.36597+00|62.46027
631|determined|""""""||4|2020-11-19 03:07:03.245956+00|63.703499
632|determined|""""""||4|2020-11-19 03:10:08.39096+00|61.565991
633|determined|""""""||4|2020-11-19 03:18:47.952225+00|65.805301
634|determined|""""""||4|2020-11-19 03:28:17.375158+00|62.847979
635|determined|""""""||4|2020-11-19 03:32:51.457611+00|60.171824
636|determined|""""""||4|2020-11-19 03:36:16.542821+00|61.864561
637|determined|""""""||4|2020-11-19 07:33:28.064756+00|59.385612
638|determined|""""""||4|2020-11-19 07:34:56.186337+00|61.161925
639|determined|""""""||4|2020-11-19 07:43:34.048266+00|63.882515
640|determined|""""""||4|2020-11-19 07:45:32.198026+00|59.340276
641|determined|""""""||4|2020-11-19 07:52:17.27584+00|61.197918
642|determined|""""""||4|2020-11-19 07:56:27.018844+00|41.087731
643|determined|""""""||1|2020-11-19 07:59:04.776802+00|28.300509
644|determined|""""""||1|2020-11-19 08:01:23.868396+00|28.256651
645|determined|""""""||1|2020-11-19 08:03:09.564192+00|28.123656
646|determined|""""""||4|2020-11-19 08:56:02.01498+00|41.672452
647|determined|""""""||4|2020-11-19 08:57:12.761413+00|41.00319
648|determined|""""""||4|2020-11-19 09:04:58.498319+00|62.972252
649|determined|""""""||4|2020-11-19 09:19:43.379222+00|65.330475
650|determined|""""""||4|2020-11-19 09:42:27.467371+00|64.947853
651|determined|""""""||4|2020-11-19 18:35:34.743823+00|73.963347
652|determined|""""""||2|2020-11-19 18:40:17.600825+00|59.367654
653|determined|""""""||2|2020-11-19 19:06:36.451576+00|25.659113
654|determined|""""""||2|2020-11-19 19:07:19.828706+00|27.491175
655|determined|""""""||2|2020-11-19 19:20:31.923112+00|58.4147
656|determined|""""""||2|2020-11-19 22:19:46.653579+00|267.70323
657|determined|""""""||2|2020-11-19 22:25:44.122286+00|4.248551
658|determined|""""""||2|2020-11-20 01:36:28.234948+00|309.106754
659|determined|""""""||2|2020-11-20 04:14:12.962402+00|4.354423
660|determined|""""""||2|2020-11-20 04:15:41.525772+00|4.286583
661|determined|""""""||2|2020-11-20 04:15:43.20466+00|5.756103
662|determined|""""""||4|2020-11-20 04:16:21.962026+00|4.241039
663|determined|""""""||4|2020-11-20 04:16:23.851505+00|77.11612
664|determined|""""""||1|2020-11-20 05:15:03.590167+00|45.591722
665|determined|""""""||1|2020-11-20 05:16:36.798285+00|927.158679
666|determined|""""""||1|2020-11-20 05:33:04.057709+00|2245.41368
667|determined|""""""||1|2020-11-20 06:17:46.82583+00|46.151968
668|determined|""""""||1|2020-11-20 06:24:14.316243+00|30.998593
669|determined|""""""||1|2020-11-20 06:38:10.777396+00|0
670|determined|""""""||1|2020-11-20 06:38:46.468198+00|49.84417
671|determined|""""""||1|2020-11-20 06:43:37.427882+00|29.857774
672|determined|""""""||1|2020-11-20 06:48:43.632867+00|19.641452
673|determined|""""""||1|2020-11-20 06:49:33.687357+00|62.586888
674|determined|""""""||1|2020-11-20 06:50:55.270788+00|3031.585104
675|determined|""""""||1|2020-11-20 07:31:19.051787+00|1041.770761
676|determined|""""""||4|2020-11-20 07:40:08.184495+00|910.585915
677|determined|""""""||4|2020-11-20 07:55:16.836681+00|986.928784
678|determined|""""""||4|2020-11-20 08:43:59.64928+00|28794.518073
679|determined|""""""||4|2020-11-20 10:45:03.43701+00|42.48773
680|determined|""""""||1|2020-11-20 10:51:39.699934+00|66.862481
681|determined|""""""||1|2020-11-20 10:53:18.791986+00|174.296653
682|determined|""""""||1|2020-11-20 10:56:47.849518+00|0
683|determined|""""""||1|2020-11-20 10:58:52.553041+00|160.692438
684|determined|""""""||1|2020-11-20 11:02:27.855637+00|63.655961
685|determined|""""""||4|2020-11-20 11:04:25.405183+00|79.743662
686|determined|""""""||4|2020-11-20 11:06:09.846782+00|0
687|determined|""""""||4|2020-11-20 11:10:06.480639+00|81.303279
688|determined|""""""||4|2020-11-20 11:12:03.840345+00|0
689|determined|""""""||4|2020-11-20 11:14:49.04771+00|35245.832902
690|determined|""""""||1|2020-11-20 18:37:45.063205+00|141.353958
691|determined|""""""||4|2020-11-20 18:44:50.179575+00|0
692|determined|""""""||4|2020-11-20 21:29:02.185512+00|28.32619
693|determined|""""""||4|2020-11-20 21:40:00.261294+00|41.731346
694|determined|""""""||4|2020-11-20 21:41:02.705652+00|41.1512
695|determined|""""""||4|2020-11-20 21:43:23.371029+00|41.281144
696|determined|""""""||4|2020-11-20 21:45:51.99852+00|41.496585
697|determined|""""""||4|2020-11-20 21:51:28.797598+00|41.920706
698|determined|""""""||4|2020-11-20 21:57:10.053025+00|586.520061
699|determined|""""""||1|2020-11-20 22:03:16.148842+00|331.469796
700|determined|""""""|"[""dtrain=slots""]"|4|2020-11-20 22:08:49.574995+00|8495.107387
701|determined|""""""||1|2020-11-20 22:11:34.854212+00|57.667602
702|determined|""""""||1|2020-11-20 23:00:48.073019+00|52.186423
703|determined|""""""||1|2020-11-20 23:01:59.756868+00|52.869382
704|determined|""""""||1|2020-11-21 00:28:57.998608+00|338.581753
705|determined|""""""||1|2020-11-21 00:34:53.49323+00|341.974693
706|angela|""""""||4|2020-11-21 01:15:55.162748+00|917.12223
707|angela|""""""||4|2020-11-21 01:18:35.271331+00|773.406687
708|angela|""""""||4|2020-11-21 01:32:15.563211+00|35520.020766
709|angela|""""""||2|2020-11-21 01:38:04.621329+00|20892.868788
710|determined|""""""||2|2020-11-21 09:41:03.127996+00|214750.467616
711|determined|""""""|"[""good, but stopped training due to scale loss""]"|4|2020-11-21 19:23:57.885791+00|103226.562427
712|determined|""""""||2|2020-11-23 05:34:15.946449+00|119.212344
713|determined|""""""||4|2020-11-23 05:37:23.822333+00|13165.284149
714|determined|""""""||4|2020-11-23 09:39:15.671153+00|0
715|determined|""""""||4|2020-11-23 09:41:05.632693+00|856516.037033
716|determined|""""""||4|2020-11-29 01:13:11.468892+00|15790.807644
717|determined|""""""||1|2020-11-29 03:40:33.766045+00|28.378146
718|determined|""""""||1|2020-11-29 03:41:06.795527+00|25.581586
719|determined|""""""||1|2020-11-29 03:42:46.631116+00|26.797501
720|determined|""""""||1|2020-11-29 03:43:49.91054+00|28.334678
721|determined|""""""||1|2020-11-29 03:44:24.681305+00|28.06718
722|determined|""""""||1|2020-11-29 03:44:52.083515+00|30.290374
723|determined|""""""||1|2020-11-29 03:45:31.207636+00|0.023604
724|determined|""""""||1|2020-11-29 03:46:04.402433+00|28.613578
725|determined|""""""||1|2020-11-29 03:46:29.764954+00|23.289123
726|determined|""""""||1|2020-11-29 03:46:56.710812+00|0
727|determined|""""""||1|2020-11-29 03:47:13.743676+00|22.878448
728|determined|""""""||4|2020-11-29 03:48:47.749991+00|0
729|determined|""""""||4|2020-11-29 03:49:36.249774+00|36332.199518
730|determined|""""""||1|2020-11-29 09:34:18.84176+00|0
731|determined|""""""||1|2020-11-29 09:34:40.415296+00|1554749.643323
