context_library_name,context_library_version,go_version,id,loaded_at,master_id,master_version,original_timestamp,received_at,sent_at,timestamp,user_id,uuid_ts,resource_manager_type
analytics-go,3.0.0,go1.15.6,a07c1f30-1614-4c66-9092-62c0f454292d,2021-02-09 19:46:09.007321 UTC,53d3d7ca-112b-429b-af9e-2a47efc446c2,0.13.11,2021-02-09 13:41:14.140819 UTC,2021-02-09 13:41:20.729 UTC,2021-02-09 13:41:19 UTC,2021-02-09 13:41:15.728 UTC,844366ee-946a-46b1-aff3-0810f94dc3e9,2021-02-09 19:46:09.007321 UTC,agentsRM
analytics-go,3.0.0,go1.15.6,9223591c-dbf4-4749-a24a-f3ab74281756,2021-02-14 19:46:08.378911 UTC,5b7aaceb-015e-4646-876a-fcd0c00d02a5,0.13.12,2021-02-14 13:50:36.656968 UTC,2021-02-14 13:50:43.343 UTC,2021-02-14 13:50:41 UTC,2021-02-14 13:50:38.373 UTC,60f30a54-09b8-4044-b5ae-08ff79d7ea87,2021-02-14 19:46:08.378911 UTC,agentsRM
analytics-go,3.0.0,go1.15.7,a56e43de-d2b2-466f-b29c-387e9425f03d,2021-02-08 19:46:07.363413 UTC,1b73e76a-4279-4f8a-85c8-04af60d02cb3,0.13.13,2021-02-08 18:41:23.896293 UTC,2021-02-08 18:41:29.012 UTC,2021-02-08 18:41:28 UTC,2021-02-08 18:41:24.011 UTC,1ac1a87c-fa9e-4970-a01a-3d559b0b198f,2021-02-08 19:46:07.363413 UTC,kubernetesRM
analytics-go,3.0.0,go1.15.7,666d6d5d-432e-4d85-affa-0e1e03ab5b15,2021-02-09 19:46:09.007321 UTC,31f33f30-2838-43d6-865c-4bc61d0ae817,0.13.13,2021-02-09 17:28:52.739984 UTC,2021-02-09 17:28:57.870 UTC,2021-02-09 17:28:57 UTC,2021-02-09 17:28:52.869 UTC,179a7665-5060-469c-92ea-f46ab73cf6bc,2021-02-09 19:46:09.007321 UTC,kubernetesRM
analytics-go,3.0.0,go1.13.15,52ea7336-6ab8-4eb3-9980-6a4108ebc511,2021-02-11 07:46:08.816127 UTC,7ac3a434-77b0-4e30-a8ca-126af7dcc250,0.13.1,2021-02-11 05:51:13.185242 UTC,2021-02-11 05:51:18.883 UTC,2021-02-11 05:51:18 UTC,2021-02-11 05:51:13.883 UTC,311a4dfd-335b-4b3a-9c65-304010846997,2021-02-11 07:46:08.816127 UTC,
analytics-go,3.0.0,go1.15.8,3fd7742b-be45-4ea6-9ce7-403b1e876f5c,2021-02-08 19:46:07.363413 UTC,5339b1ab-0ea4-4c76-8d89-dab1d22b5f83,0.14.0,2021-02-08 14:27:51.970903 UTC,2021-02-08 14:27:57.298 UTC,2021-02-08 14:27:56 UTC,2021-02-08 14:27:52.296 UTC,d081b483-b870-46d9-bb41-94a1e23bc5bf,2021-02-08 19:46:07.363413 UTC,agentsRM
analytics-go,3.0.0,go1.15.6,e7ce6beb-52f8-4b4d-aad3-07c5da0d2c01,2021-02-08 19:46:07.363413 UTC,389f5909-481a-4a1a-9155-a23b0c78c020,0.13.12,2021-02-08 16:40:49.604885 UTC,2021-02-08 16:40:55.407 UTC,2021-02-08 16:40:54 UTC,2021-02-08 16:40:50.405 UTC,77e4a9f9-4066-46b5-9bc1-67a1f4f6aa67,2021-02-08 19:46:07.363413 UTC,agentsRM
analytics-go,3.0.0,go1.15.7,675a7704-9d18-4e03-95ff-4524b6de1a53,2021-02-11 19:46:06.612661 UTC,8e3c55d9-8fa6-4fe7-827e-f774d39d8e93,0.13.13,2021-02-11 08:53:42.603364 UTC,2021-02-11 08:53:48.346 UTC,2021-02-11 08:53:47 UTC,2021-02-11 08:53:43.342 UTC,71393a16-2981-4d88-8bc4-38e5901964d9,2021-02-11 19:46:06.612661 UTC,agentsRM
analytics-go,3.0.0,go1.15.8,e11126c1-24ab-4bb9-bd42-2b54826264a6,2021-02-14 07:46:09.211117 UTC,16056c77-1e6c-4b77-8795-a1c50caa014b,0.14.1,2021-02-14 06:42:21.398717 UTC,2021-02-14 06:42:26.477 UTC,2021-02-14 06:42:26 UTC,2021-02-14 06:42:21.476 UTC,409b7dc7-ebb6-4b8d-9e41-e0138ae5225e,2021-02-14 07:46:09.211117 UTC,agentsRM
analytics-go,3.0.0,go1.13.15,e9825fbf-bf39-468c-afd5-4fd857e2a607,2021-02-09 19:46:09.007321 UTC,6200f1fd-f3b3-4ddc-a090-a9e16456989d,0.13.10,2021-02-09 15:18:24.702716 UTC,2021-02-09 15:18:31.288 UTC,2021-02-09 15:18:29 UTC,2021-02-09 15:18:26.287 UTC,f474f2f6-4718-4b71-8ea2-76b78f4b2cec,2021-02-09 19:46:09.007321 UTC,agentsRM
analytics-go,3.0.0,go1.15.8,7d856d89-5dac-4665-89cb-be408e067b3f,2021-02-13 07:46:09.126140 UTC,3360ef56-2227-4602-ba2b-2286ba2ef28e,0.14.0,2021-02-12 21:27:35.319143 UTC,2021-02-12 21:27:40.660 UTC,2021-02-12 21:27:40 UTC,2021-02-12 21:27:35.658 UTC,d081b483-b870-46d9-bb41-94a1e23bc5bf,2021-02-13 07:46:09.126140 UTC,agentsRM
analytics-go,3.0.0,go1.15.8,7f966aef-c011-49fd-b7dd-1f79c86a2375,2021-02-11 07:46:08.816127 UTC,da480579-9b11-4be4-96d4-40b03dd1f8e1,0.14.1,2021-02-11 02:02:20.543348 UTC,2021-02-11 02:01:25.396 UTC,2021-02-11 02:01:20 UTC,2021-02-11 02:01:20.395 UTC,258b0d29-ab27-4d96-bfe1-9215e1ff98ec,2021-02-11 07:46:08.816127 UTC,agentsRM
analytics-go,3.0.0,go1.15.7,803a9cb7-3940-4c1f-9de0-b155c37115d3,2021-02-09 07:46:08.676116 UTC,938c5f69-500a-4d62-b621-cfdf4876a2c0,0.13.13,2021-02-08 22:35:42.436244 UTC,2021-02-08 22:35:47.547 UTC,2021-02-08 22:35:47 UTC,2021-02-08 22:35:42.546 UTC,a1083b5e-7125-4f26-8476-b7ab536095de,2021-02-09 07:46:08.676116 UTC,kubernetesRM
analytics-go,3.0.0,go1.15.7,21c88fe1-4207-4c69-8f92-bdd2368d74d8,2021-02-08 19:46:07.363413 UTC,d2c77735-1d7f-42d5-bc88-b520e91b07a2,0.13.13,2021-02-08 14:36:22.674366 UTC,2021-02-08 14:36:28.429 UTC,2021-02-08 14:36:27 UTC,2021-02-08 14:36:23.429 UTC,e2e7acb4-c4f9-47df-a6e4-7519babb58f2,2021-02-08 19:46:07.363413 UTC,agentsRM
analytics-go,3.0.0,go1.15.7,76a29efd-bd4c-4f4d-a6c5-7a80d4d83181,2021-02-14 19:46:08.378911 UTC,68ea675a-6a8c-4527-b4f2-b712ffb54d2a,0.13.13,2021-02-14 14:48:46.429187 UTC,2021-02-14 14:48:50.719 UTC,2021-02-14 14:48:50 UTC,2021-02-14 14:48:45.729 UTC,939c28be-91f9-4b46-89de-410e4249fbc0,2021-02-14 19:46:08.378911 UTC,agentsRM
analytics-go,3.0.0,go1.15.8,9728d652-d77b-4687-a21a-2f03b5426f39,2021-02-08 19:46:07.363413 UTC,3009eea4-3e93-4601-b445-c5cbf715d5c4,0.14.0,2021-02-08 14:57:02.203920 UTC,2021-02-08 14:57:07.488 UTC,2021-02-08 14:57:07 UTC,2021-02-08 14:57:02.487 UTC,e2e7acb4-c4f9-47df-a6e4-7519babb58f2,2021-02-08 19:46:07.363413 UTC,agentsRM
analytics-go,3.0.0,go1.15.8,a40ae8e0-c2bd-498d-8f9b-b028c2bf0cdc,2021-02-12 19:46:08.109321 UTC,a0a78d6d-084d-4ffa-8576-8ea7a40884f3,0.14.1,2021-02-12 16:01:05.720454 UTC,2021-02-12 16:01:11.330 UTC,2021-02-12 16:01:10 UTC,2021-02-12 16:01:06.363 UTC,32045d47-f8db-4585-bc22-9059f7c85762,2021-02-12 19:46:08.109321 UTC,agentsRM
analytics-go,3.0.0,go1.13.15,3a96de74-8bb8-4794-8b8a-68e4c5fb7d62,2021-02-08 19:46:07.363413 UTC,c90fb781-a400-4374-86e8-9ec555ded85c,0.13.10,2021-02-08 18:07:10.888847 UTC,2021-02-08 18:07:16.257 UTC,2021-02-08 18:07:15 UTC,2021-02-08 18:07:11.256 UTC,f474f2f6-4718-4b71-8ea2-76b78f4b2cec,2021-02-08 19:46:07.363413 UTC,agentsRM
analytics-go,3.0.0,go1.15.6,65bc98e2-0688-46cb-ba5d-fbf861270102,2021-02-14 19:46:08.378911 UTC,42aa5633-a2b9-487d-9fe5-fc63c4dbf638,0.13.12,2021-02-14 15:01:39.050280 UTC,2021-02-14 15:01:48.926 UTC,2021-02-14 15:01:44 UTC,2021-02-14 15:01:43.924 UTC,34bb057e-a726-4502-a955-08f0345404e4,2021-02-14 19:46:08.378911 UTC,agentsRM
analytics-go,3.0.0,go1.15.7,90e4a6ef-f3f6-4fc4-b0ae-4602aa9fc58a,2021-02-09 19:46:09.007321 UTC,6a2efb01-4962-4c02-aa98-f1c1293fbe48,0.13.13,2021-02-09 17:32:41.956751 UTC,2021-02-09 17:32:47.066 UTC,2021-02-09 17:32:46 UTC,2021-02-09 17:32:42.065 UTC,dd977a8e-0113-423b-bae8-270c26ebc531,2021-02-09 19:46:09.007321 UTC,kubernetesRM
analytics-go,3.0.0,go1.13.15,0ce14dea-1df9-47a0-9239-bd9b018e3eab,2021-02-12 19:46:08.109321 UTC,7cf4dbab-f52b-4338-bf8d-5cdb7b20ec88,0.13.9,2021-02-12 03:44:27.670343 UTC,2021-02-12 11:44:35.587 UTC,2021-02-12 11:44:30 UTC,2021-02-12 11:44:30.587 UTC,f12f5132-8171-4d01-af57-9f58f0e241a0,2021-02-12 19:46:08.109321 UTC,agentsRM
analytics-go,3.0.0,go1.15.6,4aac4452-2269-488f-91b5-7d8dd33b75d2,2021-02-09 19:46:09.007321 UTC,2968e036-1b06-4111-9d26-665176ae62af,0.13.12,2021-02-09 09:18:45.329113 UTC,2021-02-09 09:18:51.283 UTC,2021-02-09 09:18:50 UTC,2021-02-09 09:18:46.283 UTC,77e4a9f9-4066-46b5-9bc1-67a1f4f6aa67,2021-02-09 19:46:09.007321 UTC,agentsRM
analytics-go,3.0.0,go1.15.7,50e98328-49b1-4e4d-9b40-14f9edfa8ac8,2021-02-11 19:46:06.612661 UTC,c2025cc9-406d-47eb-95c1-9ce2ba780848,0.13.13,2021-02-11 13:33:40.045110 UTC,2021-02-11 13:33:45.715 UTC,2021-02-11 13:33:45 UTC,2021-02-11 13:33:40.714 UTC,71393a16-2981-4d88-8bc4-38e5901964d9,2021-02-11 19:46:06.612661 UTC,agentsRM
analytics-go,3.0.0,go1.13.15,a5c27f8c-09f7-477d-aece-2e285bbbc256,2021-02-11 07:46:08.816127 UTC,fb10b4b6-5836-43e4-bb66-5b175b354767,0.13.7,2021-02-11 00:34:37.642793 UTC,2021-02-11 00:34:43.422 UTC,2021-02-11 00:34:42 UTC,2021-02-11 00:34:38.421 UTC,edfc9c22-3375-4571-98c3-0eeca7cb5a43,2021-02-11 07:46:08.816127 UTC,agentsRM
analytics-go,3.0.0,go1.15.8,d002ef15-7fe4-4636-93b2-35de6312d090,2021-02-15 07:46:08.720841 UTC,89f33ac6-2ca3-412b-bf8b-49431ad3fd1d,0.14.0,2021-02-14 20:00:10.101311 UTC,2021-02-14 20:00:15.531 UTC,2021-02-14 20:00:15 UTC,2021-02-14 20:00:10.530 UTC,d081b483-b870-46d9-bb41-94a1e23bc5bf,2021-02-15 07:46:08.720841 UTC,agentsRM
analytics-go,3.0.0,go1.15.8,e6369378-07b2-4ab0-b864-233aeff831cc,2021-02-12 19:46:08.109321 UTC,81717482-51f4-4ffa-8ad0-94f21a2ac8a2,0.14.1,2021-02-12 17:25:32.803650 UTC,2021-02-12 17:25:38.738 UTC,2021-02-12 17:25:37 UTC,2021-02-12 17:25:33.737 UTC,f5ea22ac-66d2-442d-a767-ae0b7358261b,2021-02-12 19:46:08.109321 UTC,agentsRM
analytics-go,3.0.0,go1.15.8,992b19c7-6f92-4224-9b0d-4b494766e708,2021-02-09 07:46:08.676116 UTC,3b8b97b5-2b1d-4132-aac4-91625e5ae850,0.14.0,2021-02-08 19:38:02.425874 UTC,2021-02-08 19:38:08.275 UTC,2021-02-08 19:38:07 UTC,2021-02-08 19:38:03.271 UTC,46e099ee-cd74-4cc7-bbe0-37665245388d,2021-02-09 07:46:08.676116 UTC,agentsRM
analytics-go,3.0.0,go1.15.8,ae3919f1-9c27-427c-ae5f-be4308f35d89,2021-02-14 19:46:08.378911 UTC,0f80f62d-ff13-4f7b-bba1-e672fa54760a,0.14.1,2021-02-14 08:46:43.574037 UTC,2021-02-14 08:46:48.797 UTC,2021-02-14 08:46:48 UTC,2021-02-14 08:46:43.796 UTC,dace457b-775a-4ad7-a980-13f52948d932,2021-02-14 19:46:08.378911 UTC,agentsRM
analytics-go,3.0.0,go1.13.15,bf65ad62-947d-43a1-9b29-909f30b39a08,2021-02-12 07:46:06.668170 UTC,c39f88d2-5909-4ac5-aee0-2059f77d21e6,0.13.7,2021-02-12 02:20:18.643427 UTC,2021-02-12 02:20:24.539 UTC,2021-02-12 02:20:23 UTC,2021-02-12 02:20:19.538 UTC,edfc9c22-3375-4571-98c3-0eeca7cb5a43,2021-02-12 07:46:06.668170 UTC,agentsRM
analytics-go,3.0.0,go1.15.8,c3968b96-17f8-49c0-9059-8e6fe7e1d9df,2021-02-10 19:46:07.875708 UTC,bd47de02-016d-45ec-89a2-83d9707a1c04,0.14.0.dev0,2021-02-10 17:07:25.838509 UTC,2021-02-10 17:07:31.561 UTC,2021-02-10 17:07:30 UTC,2021-02-10 17:07:26.560 UTC,f206b3a1-284a-43b9-9615-2f5331ee9f46,2021-02-10 19:46:07.875708 UTC,agentsRM
analytics-go,3.0.0,go1.13.15,ed515a9f-41c6-41ef-917a-46c791b51cfe,2021-02-08 19:46:07.363413 UTC,87004004-c7c9-4c95-9ee9-8c4bf5fca3d9,0.13.7,2021-02-08 15:06:51.370972 UTC,2021-02-08 15:06:58.033 UTC,2021-02-08 15:06:56 UTC,2021-02-08 15:06:53.032 UTC,d651a0cd-9c7f-4926-bb4c-a99dde13e936,2021-02-08 19:46:07.363413 UTC,agentsRM
analytics-go,3.0.0,go1.13.15,73cc1711-944d-4460-8641-94b0a12d7287,2021-02-10 19:46:07.875708 UTC,0014fcb5-7023-4072-bbfa-6283fda4fbf2,0.13.10,2021-02-10 16:01:24.884285 UTC,2021-02-10 16:01:30.793 UTC,2021-02-10 16:01:29 UTC,2021-02-10 16:01:25.793 UTC,8026624d-8583-4ab8-a5ba-83ed987de41d,2021-02-10 19:46:07.875708 UTC,agentsRM
analytics-go,3.0.0,go1.15.8,39df3279-cd32-4952-9d48-57aa723eabe0,2021-02-10 07:46:08.872954 UTC,7322d9b9-f8f0-4142-8a1b-bf1186bef80b,0.14.0.dev0,2021-02-10 01:55:20.630468 UTC,2021-02-10 01:55:26.306 UTC,2021-02-10 01:55:25 UTC,2021-02-10 01:55:21.306 UTC,7b01995b-91d9-4c29-a2d0-53e62d534d05,2021-02-10 07:46:08.872954 UTC,agentsRM
analytics-go,3.0.0,go1.15.7,0b8f65a1-34ce-47b9-88cc-107476345288,2021-02-09 07:46:08.676116 UTC,68f84d94-96c7-4f2e-93bc-98bcb83c27a7,0.13.13,2021-02-08 22:23:32.562620 UTC,2021-02-08 22:23:37.669 UTC,2021-02-08 22:23:37 UTC,2021-02-08 22:23:32.668 UTC,f0a12d65-da96-41e5-97c5-fc3ebc0cfe54,2021-02-09 07:46:08.676116 UTC,kubernetesRM
analytics-go,3.0.0,go1.13.15,6de1fda4-61e0-49cf-9993-75e7c7176dcf,2021-02-09 19:46:09.007321 UTC,31042dce-f901-47e5-9846-fbe126811b01,0.13.9,2021-02-09 08:59:52.994420 UTC,2021-02-09 17:00:13.024 UTC,2021-02-09 17:00:08 UTC,2021-02-09 17:00:08.023 UTC,f12f5132-8171-4d01-af57-9f58f0e241a0,2021-02-09 19:46:09.007321 UTC,agentsRM
analytics-go,3.0.0,go1.15.8,6405f6da-7608-46c8-9b67-72d1cb38daa5,2021-02-11 19:46:06.612661 UTC,020155d4-bf80-437c-ae61-82e374a42b32,0.14.1,2021-02-11 16:06:49.002347 UTC,2021-02-11 16:06:54.630 UTC,2021-02-11 16:06:54 UTC,2021-02-11 16:06:49.629 UTC,bcff135a-b918-4359-9906-bb1cb47bc2da,2021-02-11 19:46:06.612661 UTC,agentsRM
analytics-go,3.0.0,go1.15.8,391e1fcf-5657-49a0-b806-32dbc64c3c0d,2021-02-09 07:46:08.676116 UTC,040d8af0-bee1-43d3-b1d8-bee9e346b441,0.14.0,2021-02-08 20:19:54.122867 UTC,2021-02-08 20:19:59.745 UTC,2021-02-08 20:19:59 UTC,2021-02-08 20:19:54.742 UTC,2a7cbf34-0ab8-4194-948d-078960d1ee52,2021-02-09 07:46:08.676116 UTC,agentsRM
analytics-go,3.0.0,go1.13.15,60bdc4d8-3990-4a59-bc98-8e0bf4d55460,2021-02-11 07:46:08.816127 UTC,c6c20b55-e41a-49e2-998a-6d707838b674,0.13.10,2021-02-11 04:40:15.151314 UTC,2021-02-11 04:40:21.426 UTC,2021-02-11 04:40:20 UTC,2021-02-11 04:40:16.425 UTC,5dfed622-be5b-4a7f-af82-5bb4aa2f96c7,2021-02-11 07:46:08.816127 UTC,agentsRM
analytics-go,3.0.0,go1.15.8,7bbfff6f-0f9a-4072-abfe-a6a261be1868,2021-02-09 07:46:08.676116 UTC,2e12087c-4145-4bb5-92a2-83c6ad5edd14,0.14.0,2021-02-08 20:42:05.294850 UTC,2021-02-08 20:42:10.593 UTC,2021-02-08 20:42:10 UTC,2021-02-08 20:42:05.592 UTC,2a7cbf34-0ab8-4194-948d-078960d1ee52,2021-02-09 07:46:08.676116 UTC,agentsRM
analytics-go,3.0.0,go1.13.15,4af998ae-6753-4780-b2b9-dd8261216ef7,2021-02-14 19:46:08.378911 UTC,9ca25228-a23c-4788-9d69-baab7776def3,0.13.10,2021-02-14 08:52:13.881699 UTC,2021-02-14 08:52:20.300 UTC,2021-02-14 08:52:18 UTC,2021-02-14 08:52:15.299 UTC,5dfed622-be5b-4a7f-af82-5bb4aa2f96c7,2021-02-14 19:46:08.378911 UTC,agentsRM
analytics-go,3.0.0,go1.15.7,33e7b9d5-8ce1-4b08-88f5-a0af58fe4cea,2021-02-08 19:46:07.363413 UTC,c4368786-6a03-43f7-a0bb-f98767b29193,0.13.13,2021-02-08 18:08:23.660867 UTC,2021-02-08 18:08:28.764 UTC,2021-02-08 18:08:28 UTC,2021-02-08 18:08:23.763 UTC,e3eb5542-1367-4dfb-b99b-45a753c6f649,2021-02-08 19:46:07.363413 UTC,kubernetesRM
analytics-go,3.0.0,go1.15.8,3adf539f-c86b-41db-8ed2-4a345fd81d55,2021-02-09 07:46:08.676116 UTC,34cdab42-db41-4722-8b3d-3031674d1895,0.14.0,2021-02-08 20:30:50.072229 UTC,2021-02-08 20:30:55.379 UTC,2021-02-08 20:30:55 UTC,2021-02-08 20:30:50.378 UTC,d081b483-b870-46d9-bb41-94a1e23bc5bf,2021-02-09 07:46:08.676116 UTC,agentsRM
analytics-go,3.0.0,go1.15.8,92c12b9e-569e-4aea-8fad-9d74c0fb48b5,2021-02-10 19:46:07.875708 UTC,c2881b0f-dc98-447a-9959-de65039915e6,0.14.0,2021-02-10 09:49:34.861408 UTC,2021-02-10 09:49:39.988 UTC,2021-02-10 09:49:39 UTC,2021-02-10 09:49:34.987 UTC,fc62ae68-b418-409e-b48a-c9f2034e5e14,2021-02-10 19:46:07.875708 UTC,kubernetesRM
analytics-go,3.0.0,go1.13.15,73800a16-fb59-4731-b56f-4fd5e923fcb0,2021-02-13 19:46:07.498181 UTC,382e584a-0cf0-4d28-9253-9e33721e7a8b,0.13.5,2021-02-13 07:52:23.152417 UTC,2021-02-13 07:52:28.304 UTC,2021-02-13 07:52:28 UTC,2021-02-13 07:52:23.301 UTC,ae782dce-6b95-406b-90c5-0dfa81d6b587,2021-02-13 19:46:07.498181 UTC,
analytics-go,3.0.0,go1.15.6,cc7ceb3e-cead-4320-ad2e-5168a1c1422c,2021-02-08 19:46:07.363413 UTC,a2ee9bfc-d420-4590-b9b5-17d8cfdf1bf7,0.13.12,2021-02-08 14:19:03.688938 UTC,2021-02-08 14:19:08.005 UTC,2021-02-08 14:19:08 UTC,2021-02-08 14:19:03.004 UTC,77e4a9f9-4066-46b5-9bc1-67a1f4f6aa67,2021-02-08 19:46:07.363413 UTC,agentsRM
analytics-go,3.0.0,go1.15.8,d8884d91-1ab2-4f10-8066-556852e66e4f,2021-02-11 07:46:08.816127 UTC,96776094-1702-4da5-9f04-ef342a48e9ba,0.14.0,2021-02-10 21:55:35.946807 UTC,2021-02-10 21:55:43.037 UTC,2021-02-10 21:55:40 UTC,2021-02-10 21:55:38.036 UTC,d081b483-b870-46d9-bb41-94a1e23bc5bf,2021-02-11 07:46:08.816127 UTC,agentsRM
analytics-go,3.0.0,go1.15.8,782b5f15-5cdd-4750-ab11-3031ed277fb8,2021-02-13 07:46:09.126140 UTC,0cb45b08-3947-4062-912d-64e37ca58d4d,0.14.0,2021-02-12 21:23:38.625071 UTC,2021-02-12 21:23:43.985 UTC,2021-02-12 21:23:43 UTC,2021-02-12 21:23:38.985 UTC,d081b483-b870-46d9-bb41-94a1e23bc5bf,2021-02-13 07:46:09.126140 UTC,agentsRM
analytics-go,3.0.0,go1.13.15,db1882e7-591e-49cf-89cc-9856a5047d75,2021-02-10 07:46:08.872954 UTC,72c18b57-8fc8-47d1-837e-a043928d4622,0.13.10,2021-02-10 03:45:23.264207 UTC,2021-02-10 03:45:31.861 UTC,2021-02-10 03:45:28 UTC,2021-02-10 03:45:26.861 UTC,5dfed622-be5b-4a7f-af82-5bb4aa2f96c7,2021-02-10 07:46:08.872954 UTC,agentsRM
analytics-go,3.0.0,go1.15.8,32d43f43-6bc5-4cb4-8b74-2ad6e22abc0e,2021-02-09 07:46:08.676116 UTC,fbcde1c7-ce7c-43a9-ac41-de7085412169,0.14.0,2021-02-09 02:19:08.100 UTC,2021-02-09 02:19:13.396 UTC,2021-02-09 02:19:13 UTC,2021-02-09 02:19:08.395 UTC,2a7cbf34-0ab8-4194-948d-078960d1ee52,2021-02-09 07:46:08.676116 UTC,agentsRM
analytics-go,3.0.0,go1.15.8,3c20590c-689c-41b5-a551-e33a7b7c254f,2021-02-09 07:46:08.676116 UTC,e8534b82-27ac-4330-950f-a56edcb5c684,0.14.0,2021-02-08 20:40:03.382363 UTC,2021-02-08 20:40:08.704 UTC,2021-02-08 20:40:08 UTC,2021-02-08 20:40:03.685 UTC,2a7cbf34-0ab8-4194-948d-078960d1ee52,2021-02-09 07:46:08.676116 UTC,agentsRM
analytics-go,3.0.0,go1.15.8,86ff8829-6690-40ca-8ffd-b66382d6d326,2021-02-10 07:46:08.872954 UTC,f248caeb-f703-48f8-9a5c-f1c05287cd5e,0.14.0,2021-02-09 21:42:19.882833 UTC,2021-02-09 21:42:24.992 UTC,2021-02-09 21:42:24 UTC,2021-02-09 21:42:19.991 UTC,eef1d49e-8ee3-447f-bb81-7f297040df96,2021-02-10 07:46:08.872954 UTC,kubernetesRM
analytics-go,3.0.0,go1.15.8,16aa9210-5a9c-4189-9a32-3c8f7bdebb4d,2021-02-08 19:46:07.363413 UTC,a6a5bed3-4ec2-4815-a670-acc3bd406ca2,0.14.0,2021-02-08 14:44:15.165825 UTC,2021-02-08 14:44:20.499 UTC,2021-02-08 14:44:20 UTC,2021-02-08 14:44:15.498 UTC,d081b483-b870-46d9-bb41-94a1e23bc5bf,2021-02-08 19:46:07.363413 UTC,agentsRM
analytics-go,3.0.0,go1.13.15,a751ce50-0d3a-46b5-90f0-cc600dbca1bf,2021-02-13 07:46:09.126140 UTC,b869369d-6065-4312-846c-577963cf8ca7,0.13.9,2021-02-12 19:46:18.856695 UTC,2021-02-12 19:46:24.536 UTC,2021-02-12 19:46:23 UTC,2021-02-12 19:46:19.536 UTC,f0e053e1-1fbf-490e-8856-918142b6effc,2021-02-13 07:46:09.126140 UTC,agentsRM
analytics-go,3.0.0,go1.15.7,aab6640c-bc48-4beb-b8a4-ce45db803f74,2021-02-08 19:46:07.363413 UTC,1e795054-c3e0-4c97-a8ff-798d9e2c5c79,0.13.13,2021-02-08 09:52:16.579553 UTC,2021-02-08 09:52:21.694 UTC,2021-02-08 09:52:21 UTC,2021-02-08 09:52:16.694 UTC,a87faa82-0293-4455-8cb4-314635b2dd58,2021-02-08 19:46:07.363413 UTC,kubernetesRM
analytics-go,3.0.0,go1.15.8,e7a72ae1-e246-453f-b8f8-f890be108473,2021-02-08 19:46:07.363413 UTC,26a05a0b-89fa-4f90-9c64-fc7c4a168a2d,0.14.0,2021-02-08 11:04:44.765297 UTC,2021-02-08 11:04:50.118 UTC,2021-02-08 11:04:49 UTC,2021-02-08 11:04:45.118 UTC,d081b483-b870-46d9-bb41-94a1e23bc5bf,2021-02-08 19:46:07.363413 UTC,agentsRM
analytics-go,3.0.0,go1.15.8,20341fda-a5d9-4d88-bb21-7cd46907c453,2021-02-10 07:46:08.872954 UTC,0fb0e2ea-c24d-408c-8631-9835b04223b2,0.14.0,2021-02-09 22:18:23.686259 UTC,2021-02-09 22:18:29.189 UTC,2021-02-09 22:18:28 UTC,2021-02-09 22:18:24.168 UTC,2a7cbf34-0ab8-4194-948d-078960d1ee52,2021-02-10 07:46:08.872954 UTC,agentsRM
analytics-go,3.0.0,go1.15.8,a97fb333-13d8-454d-abbc-8c6517ea6046,2021-02-08 19:46:07.363413 UTC,d0e7f340-0b14-438b-abc7-0d5f2f0ef119,0.14.0,2021-02-08 11:03:18.058220 UTC,2021-02-08 11:03:23.453 UTC,2021-02-08 11:03:23 UTC,2021-02-08 11:03:18.452 UTC,d081b483-b870-46d9-bb41-94a1e23bc5bf,2021-02-08 19:46:07.363413 UTC,agentsRM
analytics-go,3.0.0,go1.15.6,8cc75e14-ade7-4e9e-9bbe-060cc177997f,2021-02-10 07:46:08.872954 UTC,592a4bc0-365e-45bb-bc43-1f9daff441b6,0.13.11,2021-02-09 22:49:25.731581 UTC,2021-02-09 22:49:31.345 UTC,2021-02-09 22:49:30 UTC,2021-02-09 22:49:26.344 UTC,72931e20-3987-465a-8c26-193920a4114a,2021-02-10 07:46:08.872954 UTC,agentsRM
analytics-go,3.0.0,go1.15.8,3079b301-0a97-4d07-a1fb-e753ec7c7a99,2021-02-11 19:46:06.612661 UTC,f6cd3f32-b04e-4e99-90bc-2770b01f2073,0.14.1,2021-02-11 18:11:07.786035 UTC,2021-02-11 18:11:12.901 UTC,2021-02-11 18:11:12 UTC,2021-02-11 18:11:07.900 UTC,64f02d0c-899d-4b2f-8432-411ee2383bd0,2021-02-11 19:46:06.612661 UTC,kubernetesRM
analytics-go,3.0.0,go1.15.8,bcae5b8c-d573-479b-b293-c714278b4fd5,2021-02-15 07:46:08.720841 UTC,a10e274b-7c1e-4d69-8dce-33ad2c552559,0.14.0,2021-02-14 19:45:45.084508 UTC,2021-02-14 19:45:50.548 UTC,2021-02-14 19:45:50 UTC,2021-02-14 19:45:45.547 UTC,d081b483-b870-46d9-bb41-94a1e23bc5bf,2021-02-15 07:46:08.720841 UTC,agentsRM
analytics-go,3.0.0,go1.13.15,f0990e12-8107-4ee9-925c-456126f1e87c,2021-02-08 07:46:07.978629 UTC,f3c91b38-e830-4dc4-9879-6652274bd1b6,0.13.8,2021-02-08 06:15:24.024171 UTC,2021-02-08 06:15:30.480 UTC,2021-02-08 06:15:29 UTC,2021-02-08 06:15:25.480 UTC,2e4e272b-e150-4f67-b8cc-7bc6a4729a93,2021-02-08 07:46:07.978629 UTC,agentsRM
analytics-go,3.0.0,go1.15.8,f7b057bd-ec80-4147-b6c2-5cbb410bd046,2021-02-13 19:46:07.498181 UTC,66c70bff-fd31-4b79-97c8-f122051cc54c,0.14.0,2021-02-13 09:08:57.504471 UTC,2021-02-13 09:09:03.192 UTC,2021-02-13 09:09:02 UTC,2021-02-13 09:08:58.189 UTC,d081b483-b870-46d9-bb41-94a1e23bc5bf,2021-02-13 19:46:07.498181 UTC,agentsRM
analytics-go,3.0.0,go1.15.8,12c2e610-9503-4715-a62e-ac8f02f7f4e8,2021-02-08 19:46:07.363413 UTC,098b47b6-def1-4af9-94e6-3e25a869747f,0.14.0,2021-02-08 14:54:52.173261 UTC,2021-02-08 14:54:57.501 UTC,2021-02-08 14:54:57 UTC,2021-02-08 14:54:52.501 UTC,e2e7acb4-c4f9-47df-a6e4-7519babb58f2,2021-02-08 19:46:07.363413 UTC,agentsRM
analytics-go,3.0.0,go1.15.8,5276c951-7d4d-4111-96e7-97b192f4852e,2021-02-12 19:46:08.109321 UTC,3889e2b1-c658-4fe3-8787-14ec1c3ce5c4,0.14.1,2021-02-12 16:49:10.636467 UTC,2021-02-12 16:49:21.678 UTC,2021-02-12 16:49:16 UTC,2021-02-12 16:49:16.677 UTC,f5ea22ac-66d2-442d-a767-ae0b7358261b,2021-02-12 19:46:08.109321 UTC,agentsRM
analytics-go,3.0.0,go1.15.8,50e089eb-f92f-4afa-9fc3-d868f3183666,2021-02-10 07:46:08.872954 UTC,6889ecf2-833d-42f1-8691-0b49bda88711,0.14.0.dev0,2021-02-09 23:31:12.327996 UTC,2021-02-09 23:31:17.625 UTC,2021-02-09 23:31:17 UTC,2021-02-09 23:31:12.624 UTC,93c4a09e-2978-4925-8582-f5daebaad5fc,2021-02-10 07:46:08.872954 UTC,agentsRM
analytics-go,3.0.0,go1.15.8,4c3d5f78-c2b5-4e9e-9d70-6134894b8b76,2021-02-08 19:46:07.363413 UTC,3a7f567f-9875-4ef6-8932-76f1c2bb4b5d,0.14.0,2021-02-08 16:59:16.784976 UTC,2021-02-08 16:59:22.377 UTC,2021-02-08 16:59:21 UTC,2021-02-08 16:59:17.375 UTC,d081b483-b870-46d9-bb41-94a1e23bc5bf,2021-02-08 19:46:07.363413 UTC,agentsRM
analytics-go,3.0.0,go1.13.15,6d60dd49-7df7-4e9c-9426-dac9e7561560,2021-02-11 19:46:06.612661 UTC,7abf99d1-99d1-445f-8a65-a7ee7361cb63,0.13.10,2021-02-11 15:29:31.726320 UTC,2021-02-11 15:29:37.901 UTC,2021-02-11 15:29:36 UTC,2021-02-11 15:29:32.900 UTC,f474f2f6-4718-4b71-8ea2-76b78f4b2cec,2021-02-11 19:46:06.612661 UTC,agentsRM
analytics-go,3.0.0,go1.15.6,80546400-cb39-4205-9c3e-aee197b5f862,2021-02-14 19:46:08.378911 UTC,4a9c40f4-4b09-46c5-ba6a-126c117d500c,0.13.12,2021-02-14 10:28:49.642193 UTC,2021-02-14 10:28:54.210 UTC,2021-02-14 10:28:54 UTC,2021-02-14 10:28:49.210 UTC,7462828c-3c0a-4ca5-a7e3-58d6f8f1dd7b,2021-02-14 19:46:08.378911 UTC,agentsRM
analytics-go,3.0.0,go1.13.15,3359a067-0c54-485d-83d4-66c28e3d5435,2021-02-11 07:46:08.816127 UTC,054b0315-4c43-4213-b1e7-a7948c6ae86f,0.13.1,2021-02-11 05:50:13.509087 UTC,2021-02-11 05:50:19.134 UTC,2021-02-11 05:50:18 UTC,2021-02-11 05:50:14.134 UTC,311a4dfd-335b-4b3a-9c65-304010846997,2021-02-11 07:46:08.816127 UTC,
analytics-go,3.0.0,go1.15.8,0732aff3-2610-44f7-b30c-2ec0679c2608,2021-02-09 07:46:08.676116 UTC,6596a9f5-615a-414f-a04f-aec140d12746,0.14.0,2021-02-08 20:30:27.796198 UTC,2021-02-08 20:30:33.146 UTC,2021-02-08 20:30:32 UTC,2021-02-08 20:30:28.146 UTC,d081b483-b870-46d9-bb41-94a1e23bc5bf,2021-02-09 07:46:08.676116 UTC,agentsRM
analytics-go,3.0.0,go1.15.6,0198b24e-ea61-4272-89a2-ce90345c6e0a,2021-02-10 19:46:07.875708 UTC,073d563e-94f0-4ad3-b9c8-daac148a3f14,0.13.12,2021-02-10 10:45:17.323645 UTC,2021-02-10 10:45:23.071 UTC,2021-02-10 10:45:22 UTC,2021-02-10 10:45:18.070 UTC,e7cce9bc-9a0b-4d24-9c0b-e197b7d596f6,2021-02-10 19:46:07.875708 UTC,agentsRM
analytics-go,3.0.0,go1.13.15,5925842c-4134-4bff-8eec-84dd5a4d2540,2021-02-14 19:46:08.378911 UTC,2bc743cf-a62f-4a9e-9321-90a4bdf4ef5c,0.13.9,2021-02-14 01:14:22.200638 UTC,2021-02-14 09:14:29.413 UTC,2021-02-14 09:14:24 UTC,2021-02-14 09:14:24.411 UTC,f12f5132-8171-4d01-af57-9f58f0e241a0,2021-02-14 19:46:08.378911 UTC,agentsRM
analytics-go,3.0.0,go1.15.8,77bd2a35-939b-4986-bbdb-db4736bd71dc,2021-02-12 07:46:06.668170 UTC,0992e841-9224-4069-975a-e74b5c2091f8,0.14.1,2021-02-12 00:23:36.620144 UTC,2021-02-12 00:22:45.033 UTC,2021-02-12 00:22:40 UTC,2021-02-12 00:22:40.033 UTC,258b0d29-ab27-4d96-bfe1-9215e1ff98ec,2021-02-12 07:46:06.668170 UTC,agentsRM
analytics-go,3.0.0,go1.15.8,f3c12d93-0f00-4a17-b307-6ea5ae716fe2,2021-02-08 19:46:07.363413 UTC,dc1d767e-f11e-4a4d-be2f-1a9e1369a615,0.14.0,2021-02-08 17:04:48.119737 UTC,2021-02-08 17:04:53.702 UTC,2021-02-08 17:04:53 UTC,2021-02-08 17:04:48.701 UTC,d081b483-b870-46d9-bb41-94a1e23bc5bf,2021-02-08 19:46:07.363413 UTC,agentsRM
analytics-go,3.0.0,go1.15.7,6d5f3567-92f2-4522-8900-88f7043a7bb3,2021-02-11 19:46:06.612661 UTC,1677d15a-8f0e-41ce-8a00-1932fbaf511b,0.13.13,2021-02-11 10:26:46.854871 UTC,2021-02-11 10:26:52.648 UTC,2021-02-11 10:26:51 UTC,2021-02-11 10:26:47.646 UTC,71393a16-2981-4d88-8bc4-38e5901964d9,2021-02-11 19:46:06.612661 UTC,agentsRM
analytics-go,3.0.0,go1.15.8,a29df4b1-e12b-4a6e-ab66-89b899e581e3,2021-02-09 19:46:09.007321 UTC,6ec824fa-34d1-43e1-a4b0-ec1a15e6e504,0.14.0,2021-02-09 14:50:03.000040 UTC,2021-02-09 14:50:08.494 UTC,2021-02-09 14:50:08 UTC,2021-02-09 14:50:03.489 UTC,2a7cbf34-0ab8-4194-948d-078960d1ee52,2021-02-09 19:46:09.007321 UTC,agentsRM
analytics-go,3.0.0,go1.15.8,5ae4b9b6-6828-4fc1-9a81-84ac56623b00,2021-02-11 19:46:06.612661 UTC,c3634eba-bdd5-4f91-8e1e-168b258a2940,0.14.0,2021-02-11 16:35:18.144559 UTC,2021-02-11 16:35:23.660 UTC,2021-02-11 16:35:23 UTC,2021-02-11 16:35:18.629 UTC,2a7cbf34-0ab8-4194-948d-078960d1ee52,2021-02-11 19:46:06.612661 UTC,agentsRM
analytics-go,3.0.0,go1.13.15,fa1a2994-8f23-49f2-867d-90bf12ea8544,2021-02-12 07:46:06.668170 UTC,2d56111c-834d-4a05-ba2c-64e556d84069,0.13.10,2021-02-11 20:28:55.451278 UTC,2021-02-11 20:29:01.352 UTC,2021-02-11 20:29:00 UTC,2021-02-11 20:28:56.351 UTC,014d2ee9-06c1-42c8-bf0b-e01514f36d13,2021-02-12 07:46:06.668170 UTC,agentsRM
analytics-go,3.0.0,go1.13.15,a800e2c6-02f9-4ebb-8d70-38f99f79e540,2021-02-13 07:46:09.126140 UTC,99bcb914-185e-45a2-9d45-e649c70285fe,0.13.7,2021-02-13 01:19:39.624532 UTC,2021-02-13 01:19:45.593 UTC,2021-02-13 01:19:44 UTC,2021-02-13 01:19:40.592 UTC,edfc9c22-3375-4571-98c3-0eeca7cb5a43,2021-02-13 07:46:09.126140 UTC,agentsRM
analytics-go,3.0.0,go1.15.7,7554b3e6-1b8d-4684-912c-0edcaddfb2d9,2021-02-11 19:46:06.612661 UTC,43d3246c-6d9c-40cd-92c6-aa842f0dd8e2,0.13.13,2021-02-11 14:26:38.391942 UTC,2021-02-11 14:26:48.098 UTC,2021-02-11 14:26:43 UTC,2021-02-11 14:26:43.096 UTC,71393a16-2981-4d88-8bc4-38e5901964d9,2021-02-11 19:46:06.612661 UTC,agentsRM
analytics-go,3.0.0,go1.15.8,c1fb617b-2d3d-4d1c-9e07-017251a77cd4,2021-02-08 19:46:07.363413 UTC,c2e56feb-8709-468e-b635-0587bd11d320,0.14.0,2021-02-08 17:02:22.973223 UTC,2021-02-08 17:02:28.536 UTC,2021-02-08 17:02:27 UTC,2021-02-08 17:02:23.536 UTC,d081b483-b870-46d9-bb41-94a1e23bc5bf,2021-02-08 19:46:07.363413 UTC,agentsRM
analytics-go,3.0.0,go1.15.8,d9c3f92c-46da-4641-aae2-af2b0d2efb7e,2021-02-10 07:46:08.872954 UTC,d6aee684-1cb6-4876-824c-94efef66d006,0.14.0.dev0,2021-02-10 04:23:57.718579 UTC,2021-02-10 04:24:03.556 UTC,2021-02-10 04:24:02 UTC,2021-02-10 04:23:58.556 UTC,8854385c-366c-4870-82ef-8f5afddee754,2021-02-10 07:46:08.872954 UTC,agentsRM
analytics-go,3.0.0,go1.15.7,712cf04b-04ff-4c70-aa91-2276f7767987,2021-02-09 07:46:08.676116 UTC,134d39ca-bfbc-4c30-ba97-775227b1bfae,0.13.13,2021-02-08 22:48:22.549266 UTC,2021-02-08 22:48:27.663 UTC,2021-02-08 22:48:27 UTC,2021-02-08 22:48:22.663 UTC,5ae7b9cf-54ee-45ea-9104-ea38d1f1d2ef,2021-02-09 07:46:08.676116 UTC,kubernetesRM
analytics-go,3.0.0,go1.13.15,9acf5f93-359c-4d30-a9fb-f430e487b12a,2021-02-10 19:46:07.875708 UTC,0056b8e5-1673-411a-b09a-235df64d0987,0.13.10,2021-02-10 15:50:54.738993 UTC,2021-02-10 15:51:05.513 UTC,2021-02-10 15:51:00 UTC,2021-02-10 15:51:00.512 UTC,f474f2f6-4718-4b71-8ea2-76b78f4b2cec,2021-02-10 19:46:07.875708 UTC,agentsRM
analytics-go,3.0.0,go1.15.8,8c9378b8-2113-42e5-808f-83fd1e5896d2,2021-02-10 07:46:08.872954 UTC,e0ee1e04-690f-4d8e-9418-086e551696ea,0.14.0,2021-02-09 21:13:39.413340 UTC,2021-02-09 21:13:44.712 UTC,2021-02-09 21:13:44 UTC,2021-02-09 21:13:39.710 UTC,2a7cbf34-0ab8-4194-948d-078960d1ee52,2021-02-10 07:46:08.872954 UTC,agentsRM
analytics-go,3.0.0,go1.15.8,930df507-5573-4b55-b3b1-9e6fec538b53,2021-02-09 07:46:08.676116 UTC,aae00324-09c1-4d5d-84ea-799014c28df0,0.14.0,2021-02-08 20:15:52.555570 UTC,2021-02-08 20:15:57.903 UTC,2021-02-08 20:15:57 UTC,2021-02-08 20:15:52.902 UTC,d081b483-b870-46d9-bb41-94a1e23bc5bf,2021-02-09 07:46:08.676116 UTC,agentsRM
analytics-go,3.0.0,go1.15.8,972fe0bf-6a91-4fbd-a945-54000d88a395,2021-02-12 07:46:06.668170 UTC,4e1cb428-5053-4ed9-8191-f974c347c7f2,0.14.1,2021-02-11 22:09:42.761154 UTC,2021-02-11 22:09:48.694 UTC,2021-02-11 22:09:47 UTC,2021-02-11 22:09:43.694 UTC,5dd42d6f-1661-461e-a77e-43c751a7ed9e,2021-02-12 07:46:06.668170 UTC,agentsRM
analytics-go,3.0.0,go1.15.6,e5eb275d-a406-4e48-8088-f818eb423af8,2021-02-14 19:46:08.378911 UTC,a48766e4-a701-49b8-a5e8-f63b5b4dd6fd,0.13.12,2021-02-14 10:27:25.578046 UTC,2021-02-14 10:27:31.708 UTC,2021-02-14 10:27:30 UTC,2021-02-14 10:27:26.707 UTC,7462828c-3c0a-4ca5-a7e3-58d6f8f1dd7b,2021-02-14 19:46:08.378911 UTC,agentsRM
analytics-go,3.0.0,go1.13.15,600bc9ea-13cc-4d8d-b3db-60b48b0c57a2,2021-02-08 19:46:07.363413 UTC,ffc7d8ce-9bfd-4ff8-8514-60fc6112cc9e,0.13.9,2021-02-08 09:34:00.867587 UTC,2021-02-08 09:34:06.646 UTC,2021-02-08 09:34:05 UTC,2021-02-08 09:34:01.645 UTC,f0e053e1-1fbf-490e-8856-918142b6effc,2021-02-08 19:46:07.363413 UTC,agentsRM
analytics-go,3.0.0,go1.15.7,54d8646a-65a1-4369-8191-1fe4a5f95bd0,2021-02-09 07:46:08.676116 UTC,41fd5b71-112c-42f5-b5e5-b4d6c5ba13f8,0.13.13,2021-02-08 22:27:50.999820 UTC,2021-02-08 22:27:56.122 UTC,2021-02-08 22:27:55 UTC,2021-02-08 22:27:51.121 UTC,3df6255d-2572-429b-a348-49da4c47e370,2021-02-09 07:46:08.676116 UTC,kubernetesRM
analytics-go,3.0.0,go1.13.14,99c74a3f-ec23-4d0b-bc16-70faea5bcfee,2021-02-09 19:46:09.007321 UTC,f1a49a9b-9417-4cd1-a3f8-3476a93bc6fd,0.12.12,2021-02-09 14:28:52.018435 UTC,2021-02-09 14:28:57.916 UTC,2021-02-09 14:28:57 UTC,2021-02-09 14:28:52.915 UTC,402ec858-2190-4c3b-8794-6be9e897c143,2021-02-09 19:46:09.007321 UTC,
analytics-go,3.0.0,go1.15.8,21e21a11-a911-48db-b656-27d3f954da13,2021-02-14 19:46:08.378911 UTC,16382050-3c1d-4db0-8e41-261d0c5086aa,0.14.1,2021-02-14 08:24:11.494111 UTC,2021-02-14 08:24:16.896 UTC,2021-02-14 08:24:16 UTC,2021-02-14 08:24:11.896 UTC,4490c67f-12f1-4f3a-b1a9-680e0df5aeda,2021-02-14 19:46:08.378911 UTC,kubernetesRM
analytics-go,3.0.0,go1.15.8,39426559-4cd1-4301-8d5d-8961fa9bf0fb,2021-02-09 19:46:09.007321 UTC,8f4791e4-966e-4ce7-8866-0162ba0749fa,0.14.0,2021-02-09 14:51:02.052959 UTC,2021-02-09 14:51:07.367 UTC,2021-02-09 14:51:07 UTC,2021-02-09 14:51:02.365 UTC,2a7cbf34-0ab8-4194-948d-078960d1ee52,2021-02-09 19:46:09.007321 UTC,agentsRM
analytics-go,3.0.0,go1.15.8,d5902375-b602-441c-8a7c-2a4bc3d439d3,2021-02-10 19:46:07.875708 UTC,d2c25e7a-41ee-4a97-90ed-571aea174224,0.14.0,2021-02-10 08:48:41.269953 UTC,2021-02-10 08:48:46.389 UTC,2021-02-10 08:48:46 UTC,2021-02-10 08:48:41.388 UTC,8260fbba-e91d-4920-bb6e-6d751aa8bf07,2021-02-10 19:46:07.875708 UTC,kubernetesRM
analytics-go,3.0.0,go1.15.8,5b405abd-eebb-455a-9287-97b8fad686a8,2021-02-10 07:46:08.872954 UTC,2ba13881-20f8-46e3-bbdc-9ebe6bc3ae45,0.14.0.dev0,2021-02-10 03:41:10.848099 UTC,2021-02-10 03:41:15.980 UTC,2021-02-10 03:41:15 UTC,2021-02-10 03:41:10.979 UTC,7977e77b-825b-4086-97d6-2c533ae37075,2021-02-10 07:46:08.872954 UTC,agentsRM
analytics-go,3.0.0,go1.15.7,b152ae59-20a3-4195-b01f-357081a54597,2021-02-08 19:46:07.363413 UTC,8bea019e-e88f-400e-a454-156250230a37,0.13.13,2021-02-08 14:27:25.648414 UTC,2021-02-08 14:27:26.714 UTC,2021-02-08 14:27:26 UTC,2021-02-08 14:27:21.713 UTC,e2e7acb4-c4f9-47df-a6e4-7519babb58f2,2021-02-08 19:46:07.363413 UTC,agentsRM
analytics-go,3.0.0,go1.15.7,3f1c7012-0938-45ea-8d2e-c2591e0b8a6c,2021-02-09 19:46:09.007321 UTC,e37739f4-50d5-4a73-857f-df53b22d0774,0.13.13,2021-02-09 17:40:13.395268 UTC,2021-02-09 17:40:18.515 UTC,2021-02-09 17:40:18 UTC,2021-02-09 17:40:13.515 UTC,4cb984de-6349-4f92-90ba-0b446fbf7266,2021-02-09 19:46:09.007321 UTC,kubernetesRM
analytics-go,3.0.0,go1.15.7,1e0f0333-34f7-46cd-a79b-84d39efee3f1,2021-02-09 07:46:08.676116 UTC,ba09e654-207f-4af8-b882-5efdc3f6de2d,0.13.13,2021-02-08 21:32:50.889782 UTC,2021-02-08 21:32:55.998 UTC,2021-02-08 21:32:55 UTC,2021-02-08 21:32:50.997 UTC,a76cf5b0-a674-421d-8f5b-67f52f4d00c2,2021-02-09 07:46:08.676116 UTC,kubernetesRM
analytics-go,3.0.0,go1.13.15,29d149df-6995-4a11-aeeb-a82164d1778a,2021-02-08 19:46:07.363413 UTC,0c415fec-7226-41db-b9ed-6725a75e6349,0.13.9,2021-02-08 09:30:45.438465 UTC,2021-02-08 09:30:51.675 UTC,2021-02-08 09:30:50 UTC,2021-02-08 09:30:46.674 UTC,f12f5132-8171-4d01-af57-9f58f0e241a0,2021-02-08 19:46:07.363413 UTC,agentsRM
analytics-go,3.0.0,go1.15.8,d52d6460-12ed-402b-ae17-9513153a5866,2021-02-09 07:46:08.676116 UTC,b8115304-fc26-418a-9843-afd6d6f71fbc,0.14.0,2021-02-09 02:07:09.349257 UTC,2021-02-09 02:07:13.918 UTC,2021-02-09 02:07:13 UTC,2021-02-09 02:07:09.917 UTC,2a7cbf34-0ab8-4194-948d-078960d1ee52,2021-02-09 07:46:08.676116 UTC,agentsRM
analytics-go,3.0.0,go1.15.8,3b1ac141-d22c-4d13-a553-c7fa81f59f78,2021-02-08 19:46:07.363413 UTC,ceeaef9d-a219-452f-a28d-957946a4055d,0.14.0,2021-02-08 18:39:52.358077 UTC,2021-02-08 18:39:57.724 UTC,2021-02-08 18:39:57 UTC,2021-02-08 18:39:52.724 UTC,d081b483-b870-46d9-bb41-94a1e23bc5bf,2021-02-08 19:46:07.363413 UTC,agentsRM
analytics-go,3.0.0,go1.13.15,2c58e68c-8431-4406-b694-4c4ddaca9513,2021-02-13 19:46:07.498181 UTC,ea42c5fe-03bf-49d4-b21f-360d5c5db59a,0.13.10,2021-02-13 16:13:41.582187 UTC,2021-02-13 16:13:48.067 UTC,2021-02-13 16:13:46 UTC,2021-02-13 16:13:43.066 UTC,f474f2f6-4718-4b71-8ea2-76b78f4b2cec,2021-02-13 19:46:07.498181 UTC,agentsRM
analytics-go,3.0.0,go1.15.8,74e9fdb8-8d7b-417f-ac58-285b3504ebc6,2021-02-13 07:46:09.126140 UTC,d2de559c-dfcc-4120-aaf5-f808229803db,0.14.0,2021-02-12 21:28:05.581691 UTC,2021-02-12 21:28:10.897 UTC,2021-02-12 21:28:10 UTC,2021-02-12 21:28:05.895 UTC,d081b483-b870-46d9-bb41-94a1e23bc5bf,2021-02-13 07:46:09.126140 UTC,agentsRM
analytics-go,3.0.0,go1.13.15,b770264d-5f06-4d09-9753-bdc0abc08d20,2021-02-14 19:46:08.378911 UTC,350608ff-f3d1-4dfb-bba4-4822080b74c3,0.13.1,2021-02-14 07:47:13.584136 UTC,2021-02-14 07:47:19.299 UTC,2021-02-14 07:47:18 UTC,2021-02-14 07:47:14.299 UTC,311a4dfd-335b-4b3a-9c65-304010846997,2021-02-14 19:46:08.378911 UTC,
analytics-go,3.0.0,go1.15.7,d16c1b75-f617-4d4f-930c-6571822af778,2021-02-09 07:46:08.676116 UTC,e13ba0d7-550e-4aca-a961-11a782b6040d,0.13.13,2021-02-08 22:20:43.057158 UTC,2021-02-08 22:20:48.172 UTC,2021-02-08 22:20:48 UTC,2021-02-08 22:20:43.171 UTC,24a3b859-95a0-4253-9e1b-b5271719f8c1,2021-02-09 07:46:08.676116 UTC,kubernetesRM
analytics-go,3.0.0,go1.15.8,6b5223fe-7464-4c33-b4aa-d615d6e57a8c,2021-02-08 19:46:07.363413 UTC,5708aae9-475e-49dc-99ee-d4447de6e010,0.14.0,2021-02-08 11:07:41.953594 UTC,2021-02-08 11:07:47.271 UTC,2021-02-08 11:07:46 UTC,2021-02-08 11:07:42.269 UTC,d081b483-b870-46d9-bb41-94a1e23bc5bf,2021-02-08 19:46:07.363413 UTC,agentsRM
analytics-go,3.0.0,go1.15.6,acde9fce-3312-48e0-bf02-0f87d88c61ce,2021-02-09 19:46:09.007321 UTC,67d71a10-5031-444f-ae82-75467ab078e4,0.13.11,2021-02-09 14:03:39.378360 UTC,2021-02-09 14:03:44.753 UTC,2021-02-09 14:03:44 UTC,2021-02-09 14:03:39.752 UTC,844366ee-946a-46b1-aff3-0810f94dc3e9,2021-02-09 19:46:09.007321 UTC,agentsRM
analytics-go,3.0.0,go1.13.15,0af07c5e-6140-4670-a139-b3bf02a5d35a,2021-02-08 19:46:07.363413 UTC,8280a583-ac61-4218-b3ab-d256066e5480,0.13.10,2021-02-08 17:49:09.529854 UTC,2021-02-08 17:49:15.355 UTC,2021-02-08 17:49:14 UTC,2021-02-08 17:49:10.354 UTC,f474f2f6-4718-4b71-8ea2-76b78f4b2cec,2021-02-08 19:46:07.363413 UTC,agentsRM
analytics-go,3.0.0,go1.14.2,d6a1b7f1-99ca-488b-a6b9-7c83592e91ab,2021-02-12 07:46:06.668170 UTC,a0705c14-2cfe-4119-8a2d-5f89ee5faae6,0.12.3,2021-02-11 12:45:28.424958 UTC,2021-02-11 20:45:35.470 UTC,2021-02-11 20:45:30 UTC,2021-02-11 20:45:30.469 UTC,278841d6-d62b-4b59-94e8-9f9e60b4877d,2021-02-12 07:46:06.668170 UTC,
analytics-go,3.0.0,go1.15.7,26957826-b9e1-4123-b6e2-bbeb4db8dc5e,2021-02-08 19:46:07.363413 UTC,0fa2eca5-1f6e-4acd-980c-952fba163e67,0.13.13,2021-02-08 17:38:56.583487 UTC,2021-02-08 17:39:01.688 UTC,2021-02-08 17:39:01 UTC,2021-02-08 17:38:56.688 UTC,f5f87657-7cfa-4601-96cd-4e6530350b89,2021-02-08 19:46:07.363413 UTC,kubernetesRM
analytics-go,3.0.0,go1.13.15,2b7ce1a7-f69f-4ca5-9b4a-1f946da816c5,2021-02-14 07:46:09.211117 UTC,bded4963-3b8d-4862-a61e-2d4fc53586dc,0.13.7,2021-02-14 01:58:40.126451 UTC,2021-02-14 01:58:45.898 UTC,2021-02-14 01:58:45 UTC,2021-02-14 01:58:40.897 UTC,edfc9c22-3375-4571-98c3-0eeca7cb5a43,2021-02-14 07:46:09.211117 UTC,agentsRM
analytics-go,3.0.0,go1.15.7,7af0c541-ce31-460b-9d7e-dce649f105cf,2021-02-09 07:46:08.676116 UTC,42165bda-f80c-45e2-ae6d-f37687810c00,0.13.13,2021-02-08 20:28:00.018396 UTC,2021-02-08 20:28:05.135 UTC,2021-02-08 20:28:05 UTC,2021-02-08 20:28:00.135 UTC,1dd21190-ac21-4839-9434-e065fcc76200,2021-02-09 07:46:08.676116 UTC,kubernetesRM
analytics-go,3.0.0,go1.15.8,02514e30-ae3e-4d7a-856e-9dd0a72b9e4f,2021-02-08 19:46:07.363413 UTC,d44ccbe1-fd93-46d0-ad6d-147eb3704a3f,0.14.0,2021-02-08 11:08:54.656753 UTC,2021-02-08 11:08:59.979 UTC,2021-02-08 11:08:59 UTC,2021-02-08 11:08:54.978 UTC,d081b483-b870-46d9-bb41-94a1e23bc5bf,2021-02-08 19:46:07.363413 UTC,agentsRM
analytics-go,3.0.0,go1.15.8,11fb8391-e82a-496e-9807-0778cf2f5b0b,2021-02-10 19:46:07.875708 UTC,3c525c50-9a50-4414-b2c2-809efa0e9c2d,0.14.0.dev0,2021-02-10 16:52:26.455131 UTC,2021-02-10 16:52:32.703 UTC,2021-02-10 16:52:31 UTC,2021-02-10 16:52:27.702 UTC,f0221589-30b7-4d47-a473-e0719c5d06ab,2021-02-10 19:46:07.875708 UTC,agentsRM
analytics-go,3.0.0,go1.13.15,231140b1-e720-4477-8ca9-38ba3c3d1373,2021-02-10 07:46:08.872954 UTC,ad203b54-451c-44a2-afc1-5e05af7117c8,0.13.9,2021-02-09 19:42:22.248930 UTC,2021-02-09 19:42:30.579 UTC,2021-02-09 19:42:27 UTC,2021-02-09 19:42:25.577 UTC,f0e053e1-1fbf-490e-8856-918142b6effc,2021-02-10 07:46:08.872954 UTC,agentsRM
analytics-go,3.0.0,go1.15.8,84cacbd1-97a8-4831-911a-21c3af0c61e7,2021-02-09 19:46:09.007321 UTC,8a8543e7-2de5-4cac-bf72-33ac920ab271,0.14.0.dev0,2021-02-09 18:34:30.880734 UTC,2021-02-09 18:34:35.997 UTC,2021-02-09 18:34:35 UTC,2021-02-09 18:34:30.996 UTC,d585e7d3-beed-4857-8ff2-4c7fee12966b,2021-02-09 19:46:09.007321 UTC,kubernetesRM
analytics-go,3.0.0,go1.15.7,491160fb-808e-4476-be65-ac14b46365d0,2021-02-09 07:46:08.676116 UTC,3ab698bd-e52d-4b07-a92a-310dd1e35707,0.13.13,2021-02-08 22:56:06.232324 UTC,2021-02-08 22:56:11.349 UTC,2021-02-08 22:56:11 UTC,2021-02-08 22:56:06.349 UTC,ec18bdb5-aab4-478d-96e1-38379b3a27b1,2021-02-09 07:46:08.676116 UTC,kubernetesRM
analytics-go,3.0.0,go1.15.8,6c2f134e-271d-4472-8870-35e672356f76,2021-02-08 19:46:07.363413 UTC,8d0ab4bb-3432-4b2b-90f0-e52981a1c379,0.14.0,2021-02-08 14:28:26.319289 UTC,2021-02-08 14:28:32.030 UTC,2021-02-08 14:28:31 UTC,2021-02-08 14:28:27.029 UTC,d081b483-b870-46d9-bb41-94a1e23bc5bf,2021-02-08 19:46:07.363413 UTC,agentsRM
analytics-go,3.0.0,go1.15.8,d1b1ab5c-1cfb-4294-8388-983ccdd2c5e5,2021-02-10 07:46:08.872954 UTC,e8165906-5aab-4656-a917-0a3ba6fd89c5,0.14.0.dev0,2021-02-09 19:30:43.523546 UTC,2021-02-09 19:30:48.820 UTC,2021-02-09 19:30:48 UTC,2021-02-09 19:30:43.818 UTC,93c4a09e-2978-4925-8582-f5daebaad5fc,2021-02-10 07:46:08.872954 UTC,agentsRM
analytics-go,3.0.0,go1.15.6,0b2d141d-fbec-4b53-8646-997e3750c828,2021-02-10 07:46:08.872954 UTC,ea37caed-5cd7-4abd-a2ed-325b319bcdf2,0.13.12,2021-02-09 19:21:25.272994 UTC,2021-02-09 19:21:30.547 UTC,2021-02-09 19:21:30 UTC,2021-02-09 19:21:25.546 UTC,93c4a09e-2978-4925-8582-f5daebaad5fc,2021-02-10 07:46:08.872954 UTC,agentsRM
analytics-go,3.0.0,go1.15.7,36ed5134-d50c-4edd-baf4-0fde1a8da2b3,2021-02-14 19:46:08.378911 UTC,72deff45-82f2-4ea3-9707-716b4e79faaf,0.13.13,2021-02-14 14:49:54.173307 UTC,2021-02-14 14:50:00.102 UTC,2021-02-14 14:49:59 UTC,2021-02-14 14:49:55.101 UTC,d126bebf-9393-42af-90f2-6eb7b74475e2,2021-02-14 19:46:08.378911 UTC,agentsRM
analytics-go,3.0.0,go1.15.8,60ec283e-267c-4a26-a26c-3842ae480f61,2021-02-10 19:46:07.875708 UTC,6ca03902-8408-4039-842b-0f22fddd3548,0.14.1,2021-02-10 14:25:24.154830 UTC,2021-02-10 14:25:29.681 UTC,2021-02-10 14:25:29 UTC,2021-02-10 14:25:24.680 UTC,6a4c4160-766f-421b-b8f3-f09b2babeb91,2021-02-10 19:46:07.875708 UTC,agentsRM
analytics-go,3.0.0,go1.15.8,ee422fec-3987-40de-972e-7cb4f60d9857,2021-02-09 07:46:08.676116 UTC,f8533040-79a7-402d-9e20-392f79d73bb8,0.14.0,2021-02-08 19:55:44.041626 UTC,2021-02-08 19:55:49.474 UTC,2021-02-08 19:55:49 UTC,2021-02-08 19:55:44.473 UTC,d081b483-b870-46d9-bb41-94a1e23bc5bf,2021-02-09 07:46:08.676116 UTC,agentsRM
analytics-go,3.0.0,go1.15.7,0de5ec2a-0008-4338-8a6b-11c4dcb252b1,2021-02-09 19:46:09.007321 UTC,e77976ce-7349-4e3d-9a25-ff9b515daf97,0.13.13,2021-02-09 17:52:17.587471 UTC,2021-02-09 17:52:22.702 UTC,2021-02-09 17:52:22 UTC,2021-02-09 17:52:17.701 UTC,87f52b0a-2c36-4659-86cd-540d5eb68a4d,2021-02-09 19:46:09.007321 UTC,kubernetesRM
analytics-go,3.0.0,go1.15.8,263645fe-abe4-406e-b0ea-d7fecbd55f08,2021-02-08 19:46:07.363413 UTC,79eb4d31-e744-4600-bb9c-829e4a9b7e3e,0.14.0,2021-02-08 18:40:24.661953 UTC,2021-02-08 18:40:29.970 UTC,2021-02-08 18:40:29 UTC,2021-02-08 18:40:24.969 UTC,d081b483-b870-46d9-bb41-94a1e23bc5bf,2021-02-08 19:46:07.363413 UTC,agentsRM
analytics-go,3.0.0,go1.15.6,5f9efcfd-8c2d-4e23-901e-118a3f5f2622,2021-02-13 07:46:09.126140 UTC,1dfa905d-f12e-40e6-a581-10dba0283bc1,0.13.12,2021-02-13 06:00:46.198390 UTC,2021-02-13 06:00:55.997 UTC,2021-02-13 06:00:51 UTC,2021-02-13 06:00:50.997 UTC,60f30a54-09b8-4044-b5ae-08ff79d7ea87,2021-02-13 07:46:09.126140 UTC,agentsRM
analytics-go,3.0.0,go1.15.6,5a41caa7-f240-4ddb-a799-ff82f589f304,2021-02-14 07:46:09.211117 UTC,b4ec1d19-08a3-4b5e-a7cb-88ee0cb84a3f,0.13.12,2021-02-13 21:31:04.808749 UTC,2021-02-13 21:31:09.870 UTC,2021-02-13 21:31:09 UTC,2021-02-13 21:31:04.869 UTC,1cccfc4e-44a7-4cc3-8e68-ac9f9663a0a6,2021-02-14 07:46:09.211117 UTC,agentsRM
analytics-go,3.0.0,go1.15.8,c65ccfa8-5229-41ab-ab13-2a4b7127f456,2021-02-10 07:46:08.872954 UTC,5a7899db-155c-4817-82b0-cee2e332b6e6,0.14.0.dev0,2021-02-10 02:41:41.864404 UTC,2021-02-10 02:41:46.979 UTC,2021-02-10 02:41:46 UTC,2021-02-10 02:41:41.978 UTC,e233df5e-9872-4765-89ea-6c5c1ae58b06,2021-02-10 07:46:08.872954 UTC,agentsRM
analytics-go,3.0.0,go1.15.6,dad1a4a2-f6cf-4642-b836-1cee70f6e00c,2021-02-14 07:46:09.211117 UTC,9fa6c89f-8ebf-4dc6-87e8-509c2704aae3,0.13.12,2021-02-13 21:30:35.285 UTC,2021-02-13 21:30:40.678 UTC,2021-02-13 21:30:40 UTC,2021-02-13 21:30:35.677 UTC,1cccfc4e-44a7-4cc3-8e68-ac9f9663a0a6,2021-02-14 07:46:09.211117 UTC,agentsRM
analytics-go,3.0.0,go1.13.15,78ed9c87-1cdb-4f25-bd8a-ab6046692f7f,2021-02-12 19:46:08.109321 UTC,32163b29-cfe1-4ce0-a296-121301314f75,0.13.10,2021-02-12 15:18:10.506509 UTC,2021-02-12 15:18:16.996 UTC,2021-02-12 15:18:15 UTC,2021-02-12 15:18:11.995 UTC,f474f2f6-4718-4b71-8ea2-76b78f4b2cec,2021-02-12 19:46:08.109321 UTC,agentsRM
analytics-go,3.0.0,go1.15.7,457a13e7-8a0c-4055-a526-f1f6712aa704,2021-02-08 19:46:07.363413 UTC,fab26f68-46de-46bf-a383-f8b9429010a8,0.13.13,2021-02-08 19:08:27.699177 UTC,2021-02-08 19:08:32.804 UTC,2021-02-08 19:08:32 UTC,2021-02-08 19:08:27.804 UTC,fe194bfa-2b9c-4144-8b1b-ff346a33be7e,2021-02-08 19:46:07.363413 UTC,kubernetesRM
analytics-go,3.0.0,go1.15.7,626cccf2-a8e5-406b-acc6-2dcd92fc1cfe,2021-02-09 19:46:09.007321 UTC,b4ad61b6-625d-410c-957f-a594bdd51d65,0.13.13,2021-02-09 09:07:22.585218 UTC,2021-02-09 09:07:27.696 UTC,2021-02-09 09:07:27 UTC,2021-02-09 09:07:22.696 UTC,b4c3d176-3382-4330-ad8b-1f3a10c6dbc6,2021-02-09 19:46:09.007321 UTC,kubernetesRM
analytics-go,3.0.0,go1.13.15,978e5c77-1a79-4b69-a4b0-7e4bff192e64,2021-02-09 07:46:08.676116 UTC,42e7677a-d0e3-407d-aecd-27e3e7a03d18,0.13.4,2021-02-08 21:46:14.623139 UTC,2021-02-08 21:46:19.929 UTC,2021-02-08 21:46:19 UTC,2021-02-08 21:46:14.928 UTC,b407651d-2f84-41ed-9a39-497f03c646a7,2021-02-09 07:46:08.676116 UTC,
